truc,pair,dac_trung,lag,n,n_khop,F,he_so,dau,p_tiem_can,p_hoan_vi,p_wy,q_fdr
bien_do,AUDUSD,than,1,3050,,0.004795381634284077,0.0023234071142999232,1,0.944796207812021,0.9460539460539461,1.0,0.9976667739605971
bien_do,AUDUSD,than,2,3050,,1.2471491971823756,0.03746465937726677,1,0.2641857178193642,0.25674325674325676,1.0,0.8301858569238248
bien_do,AUDUSD,bong_tren,1,3050,,4.284624975398081,0.08874860716271551,1,0.038542642881450706,0.04995004995004995,1.0,0.52578999947421
bien_do,AUDUSD,bong_tren,2,3050,,0.09809054126406033,-0.013427808816458093,-1,0.7541546400975258,0.7682317682317682,1.0,0.9657009657009658
bien_do,AUDUSD,bong_duoi,1,3050,,4.873535240608612,-0.09678396109933365,-1,0.027345829135398958,0.03496503496503497,1.0,0.46484128116781176
bien_do,AUDUSD,bong_duoi,2,3050,,1.2964263448153364,-0.049898402992414756,-1,0.2549565379250268,0.2627372627372627,1.0,0.832003817078444
bien_do,AUDUSD,vi_tri_dong,1,3050,,1.8660413586733011,-0.03926778874377073,-1,0.172029968400072,0.14885114885114886,1.0,0.7766146896581679
bien_do,AUDUSD,vi_tri_dong,2,3050,,2.3502137144127566,-0.04406942146103519,-1,0.1253696493546359,0.11588411588411589,1.0,0.7094945870456074
bien_do,AUDUSD,huong,1,3050,,0.06434727213223876,-0.0021827642844689716,-1,0.7997694496872494,0.8061938061938062,1.0,0.9785395327564003
bien_do,AUDUSD,huong,2,3050,,3.3013271933302635,-0.015621963597668232,-1,0.06932212820184036,0.07992007992007992,1.0,0.5994005994005994
bien_do,AUDUSD,lr_park,1,3050,,2.691038925828357,0.027091366965703766,1,0.10101721396437036,0.08691308691308691,1.0,0.6282873752753271
bien_do,AUDUSD,lr_park,2,3050,,4.354594023412532,0.03445013734149619,1,0.036992187000047805,0.01898101898101898,1.0,0.3796203796203796
bien_do,AUDUSD,lr_gk,1,3050,,4.199595914888797,0.037730958222071856,1,0.04051906768417113,0.03796203796203796,1.0,0.46484128116781176
bien_do,AUDUSD,lr_gk,2,3050,,4.106713017692879,0.03731567149234531,1,0.04280023917138864,0.030969030969030968,1.0,0.46484128116781176
bien_do,AUDUSD,lr_rs,1,3050,,3.083516194643462,0.026604308517623906,1,0.07918983127472257,0.08291708291708291,1.0,0.6142006142006142
bien_do,AUDUSD,lr_rs,2,3050,,1.979121621289335,0.02131934139547114,1,0.15958495795894623,0.14485514485514486,1.0,0.7676533992323465
bien_do,AUDUSD,doji,1,3050,154.0,0.19054122147179697,0.01714667327617317,1,0.6624974727532189,0.6653346653346653,1.0,0.9504780933352363
bien_do,AUDUSD,doji,2,3050,154.0,1.575349234908702,-0.04930086856597543,-1,0.20952812490519535,0.2017982017982018,1.0,0.779989241527703
bien_do,AUDUSD,bua,1,3050,91.0,3.762870386220209,-0.09804512448889938,-1,0.05249471786851889,0.061938061938061936,1.0,0.5546692113856293
bien_do,AUDUSD,bua,2,3050,91.0,0.12890591421436923,-0.01814877262011899,-1,0.7195940089333788,0.7112887112887113,1.0,0.9619844441273012
bien_do,AUDUSD,sao_bang,1,3050,124.0,0.5183824338309387,0.03135575665795395,1,0.47158772957186246,0.4925074925074925,1.0,0.9280492235037688
bien_do,AUDUSD,sao_bang,2,3050,124.0,0.0007648842930481207,0.0012043798331244256,1,0.9779378963615462,0.9760239760239761,1.0,0.9976667739605971
bien_do,AUDUSD,marubozu,1,3050,73.0,5.256170319101769,-0.1289004636177477,-1,0.021936930115602715,0.02197802197802198,1.0,0.4120879120879121
bien_do,AUDUSD,marubozu,2,3050,73.0,0.08789289423390279,-0.01668378286830657,-1,0.7668933971017248,0.7652347652347652,1.0,0.9657009657009658
bien_do,AUDUSD,con_quay,1,3050,546.0,0.5578505742331894,0.01675398037092592,1,0.4551852048192253,0.4435564435564436,1.0,0.9280492235037688
bien_do,AUDUSD,con_quay,2,3050,546.0,1.0262957647642343,-0.022727156035617056,-1,0.3111107132474572,0.3106893106893107,1.0,0.8738924626775093
bien_do,AUDUSD,nhan_chim_tang,1,3050,217.0,0.3662131268271924,-0.020245758744345258,-1,0.5451207748997915,0.5374625374625375,1.0,0.9280492235037688
bien_do,AUDUSD,nhan_chim_tang,2,3050,217.0,1.173261140326875,-0.03623029473884076,-1,0.27881788142941477,0.2827172827172827,1.0,0.8385702966983755
bien_do,AUDUSD,nhan_chim_giam,1,3050,265.0,0.2658159088288764,-0.01574565154265177,-1,0.6061898120145122,0.6123876123876124,1.0,0.9393138507062558
bien_do,AUDUSD,nhan_chim_giam,2,3050,264.0,0.3788914058723276,0.01882574490210376,1,0.5382431072433034,0.5054945054945055,1.0,0.9280492235037688
bien_do,AUDUSD,harami_tang,1,3050,215.0,0.3822846056964482,0.0207791194027328,1,0.5364292958357292,0.5294705294705294,1.0,0.9280492235037688
bien_do,AUDUSD,harami_tang,2,3050,215.0,0.775157964937146,0.02958172560466027,1,0.3786955450929138,0.37162837162837165,1.0,0.9039347749025168
bien_do,AUDUSD,harami_giam,1,3050,204.0,0.7400579961580853,-0.029611746312261093,-1,0.38970998214957286,0.3696303696303696,1.0,0.9039347749025168
bien_do,AUDUSD,harami_giam,2,3050,204.0,0.2029900528022206,0.015509835287185577,1,0.6523501656145544,0.6523476523476524,1.0,0.9504780933352363
bien_do,AUDUSD,xuyen_tham,1,3050,50.0,4.533391152060481,-0.14411186813752414,-1,0.03331965570261408,0.03896103896103896,1.0,0.46753246753246747
bien_do,AUDUSD,xuyen_tham,2,3050,50.0,0.964767227545579,-0.06651287052367366,-1,0.32606667641801335,0.3006993006993007,1.0,0.8674018289402904
bien_do,AUDUSD,may_den,1,3050,55.0,1.1671608567711786,0.0698154872555621,1,0.2800708797987047,0.2757242757242757,1.0,0.832003817078444
bien_do,AUDUSD,may_den,2,3050,55.0,0.002982052029711511,-0.0035298001273610363,-1,0.9564542113028774,0.961038961038961,1.0,0.9976667739605971
bien_do,AUDUSD,sao_mai,1,3050,191.0,0.7467104330058164,-0.030671695672991585,-1,0.3875877482990614,0.34865134865134867,1.0,0.8939778170547402
bien_do,AUDUSD,sao_mai,2,3050,191.0,0.02551096895738314,0.005669996477750292,1,0.8731110222080541,0.8751248751248751,1.0,0.9976667739605971
bien_do,AUDUSD,sao_hom,1,3050,182.0,1.7859754679767554,-0.0485853989999192,-1,0.18151706727146644,0.15584415584415584,1.0,0.7796399404791013
bien_do,AUDUSD,sao_hom,2,3050,182.0,0.0009134711505455854,-0.0010981357819434007,-1,0.9758906384623036,0.978021978021978,1.0,0.9976667739605971
bien_do,AUDUSD,ba_linh_trang,1,3050,344.0,1.0935792716089061,-0.02843797135610708,-1,0.29576246680109486,0.4145854145854146,1.0,0.9280492235037688
bien_do,AUDUSD,ba_linh_trang,2,3050,344.0,0.4507536861909037,-0.018261051365292956,-1,0.5020281517595908,0.5984015984015985,1.0,0.9365634365634365
bien_do,AUDUSD,ba_qua_den,1,3050,348.0,7.954912360998676,0.07625986230132674,1,0.004826725693183542,0.016983016983016984,0.9500499500499501,0.35137276516586863
bien_do,AUDUSD,ba_qua_den,2,3050,349.0,3.860624314787578,0.05312181133914822,1,0.04952266342137357,0.11988011988011989,1.0,0.7169301286948345
bien_do,AUDUSD,gap,1,3050,,0.4502261739815449,-6.114783121340307,-1,0.5022784264388914,0.5204795204795205,1.0,0.9280492235037688
bien_do,AUDUSD,gap,2,3050,,4.474003401057314,-19.2655763729398,-1,0.03449522426647689,0.03196803196803197,1.0,0.46484128116781176
bien_do,AUDUSD,abs_gap,1,3050,,6.571905040533702,24.630992051941025,1,0.0104076760397952,0.002997002997002997,0.995004995004995,0.11988011988011987
bien_do,AUDUSD,abs_gap,2,3050,,16.760420776996348,39.233962456323944,1,4.3510646028810385e-05,0.000999000999000999,0.056943056943056944,0.06660006660006661
bien_do,EURUSD,than,1,3050,,0.015185694496253236,0.004513828135065609,1,0.9019328996052319,0.9010989010989011,1.0,0.9976667739605971
bien_do,EURUSD,than,2,3050,,0.6603270355999843,0.029775427499707526,1,0.4165079948607302,0.43456543456543456,1.0,0.9280492235037688
bien_do,EURUSD,bong_tren,1,3050,,0.29865314588837316,0.025884754478675744,1,0.5847680256129348,0.5984015984015985,1.0,0.9365634365634365
bien_do,EURUSD,bong_tren,2,3050,,0.040949714033608434,0.00958853954625202,1,0.8396485277743504,0.8481518481518482,1.0,0.99744005994006
bien_do,EURUSD,bong_duoi,1,3050,,0.515996682795761,-0.03462266215471606,-1,0.47260947213083926,0.4645354645354645,1.0,0.9280492235037688
bien_do,EURUSD,bong_duoi,2,3050,,1.6260640293598825,-0.06146097308342347,-1,0.20234553247570064,0.19880119880119881,1.0,0.779989241527703
bien_do,EURUSD,vi_tri_dong,1,3050,,3.718908991694473,0.060608232515104145,1,0.05389231390224569,0.04695304695304695,1.0,0.52578999947421
bien_do,EURUSD,vi_tri_dong,2,3050,,1.2830055700039724,-0.035622848401265665,-1,0.25743007049198674,0.25674325674325676,1.0,0.8301858569238248
bien_do,EURUSD,huong,1,3050,,4.596990322404454,0.019784639432625168,1,0.03210703901488399,0.03496503496503497,1.0,0.46484128116781176
bien_do,EURUSD,huong,2,3050,,0.6165758914747868,-0.007254708759019698,-1,0.43238360856410907,0.3946053946053946,1.0,0.9257152114294971
bien_do,EURUSD,lr_park,1,3050,,0.004962214520204485,-0.0012574884610477427,-1,0.9438456996900398,0.9330669330669331,1.0,0.9976667739605971
bien_do,EURUSD,lr_park,2,3050,,4.087497595170247,0.03604118945140378,1,0.043288800735151844,0.023976023976023976,1.0,0.43592770865498137
bien_do,EURUSD,lr_gk,1,3050,,0.031143763370684713,-0.0036069783335662443,-1,0.8599317640331553,0.8311688311688312,1.0,0.9934288818750971
bien_do,EURUSD,lr_gk,2,3050,,4.710024459839388,0.044281540490784636,1,0.030064231019455878,0.03496503496503497,1.0,0.46484128116781176
bien_do,EURUSD,lr_rs,1,3050,,6.953342665852663e-07,1.4480556043791615e-05,1,0.9993347250142872,0.999000999000999,1.0,0.999000999000999
bien_do,EURUSD,lr_rs,2,3050,,4.239023590153421,0.035700079520360084,1,0.039589698531376394,0.03796203796203796,1.0,0.46484128116781176
bien_do,EURUSD,doji,1,3050,145.0,0.5115991744707155,0.03102067158139648,1,0.47450220507259167,0.45454545454545453,1.0,0.9280492235037688
bien_do,EURUSD,doji,2,3050,144.0,2.8284688456653067,-0.07315669873610875,-1,0.09270908563493341,0.07892107892107893,1.0,0.5994005994005994
bien_do,EURUSD,bua,1,3050,78.0,2.038112445555383,0.08344418484668134,1,0.15350236995826683,0.17882117882117882,1.0,0.7796399404791013
bien_do,EURUSD,bua,2,3050,78.0,0.0329698248275196,0.010616600370309339,1,0.8559276033743318,0.8711288711288712,1.0,0.9976667739605971
bien_do,EURUSD,sao_bang,1,3050,117.0,0.5201337230022539,0.03465390366975391,1,0.47083997680061085,0.4945054945054945,1.0,0.9280492235037688
bien_do,EURUSD,sao_bang,2,3050,117.0,1.4839508174819982,0.05852432564421512,1,0.2232517180512178,0.25574425574425574,1.0,0.8301858569238248
bien_do,EURUSD,marubozu,1,3050,71.0,1.6761360344261875,-0.07922547010986467,-1,0.19553677381934564,0.19080919080919082,1.0,0.779989241527703
bien_do,EURUSD,marubozu,2,3050,71.0,1.4551227315646218,-0.07382055399744497,-1,0.22780139414185596,0.25374625374625376,1.0,0.8301858569238248
bien_do,EURUSD,con_quay,1,3050,553.0,0.567138383667476,0.01804886671587113,1,0.4514564730645707,0.45854145854145856,1.0,0.9280492235037688
bien_do,EURUSD,con_quay,2,3050,552.0,0.27813503236624637,-0.01264412650939986,-1,0.5979645925792332,0.5654345654345654,1.0,0.9313267377783506
bien_do,EURUSD,nhan_chim_tang,1,3050,216.0,1.1545118531704213,0.038653194038368956,1,0.2826917270615793,0.27672327672327673,1.0,0.832003817078444
bien_do,EURUSD,nhan_chim_tang,2,3050,216.0,1.4260769669795137,-0.04295677714008634,-1,0.23249870389434202,0.22377622377622378,1.0,0.8088297244923751
bien_do,EURUSD,nhan_chim_giam,1,3050,236.0,4.569208294470706,-0.07379311836492022,-1,0.032630974989753314,0.024975024975024976,1.0,0.4407357348533819
bien_do,EURUSD,nhan_chim_giam,2,3050,236.0,0.031061263143149918,-0.006087927481822475,-1,0.8601154922786401,0.8551448551448552,1.0,0.9976667739605971
bien_do,EURUSD,harami_tang,1,3050,229.0,0.00652150484535081,0.002829712564918682,1,0.935641435663398,0.938061938061938,1.0,0.9976667739605971
bien_do,EURUSD,harami_tang,2,3050,229.0,0.08742422921754008,-0.01035700905026924,-1,0.7674977622650223,0.7472527472527473,1.0,0.9657009657009658
bien_do,EURUSD,harami_giam,1,3050,237.0,0.11064546706135266,-0.011467766437239513,-1,0.7394333566039586,0.7182817182817183,1.0,0.9619844441273012
bien_do,EURUSD,harami_giam,2,3050,237.0,1.9640002834959753,-0.04830294631277467,-1,0.1611879870076407,0.13286713286713286,1.0,0.7437007437007437
bien_do,EURUSD,xuyen_tham,1,3050,60.0,7.72824723197781,0.1845478778444975,1,0.005469725951978921,0.001998001998001998,0.9600399600399601,0.09221547683086145
bien_do,EURUSD,xuyen_tham,2,3050,60.0,0.6674574622069346,0.05429235666834803,1,0.41400332977547527,0.4125874125874126,1.0,0.9280492235037688
bien_do,EURUSD,may_den,1,3050,62.0,0.0957909065501558,-0.02024192973884109,-1,0.7569615684709035,0.7502497502497503,1.0,0.9657009657009658
bien_do,EURUSD,may_den,2,3050,62.0,0.5596540920947595,0.048923185789080635,1,0.45445738279364467,0.44155844155844154,1.0,0.9280492235037688
bien_do,EURUSD,sao_mai,1,3050,194.0,0.8277481354016359,-0.03440299029297583,-1,0.3629964492651432,0.34565434565434566,1.0,0.8939778170547402
bien_do,EURUSD,sao_mai,2,3050,194.0,0.7350414802131697,-0.03241922989934085,-1,0.3913213398459843,0.3336663336663337,1.0,0.8937491080348224
bien_do,EURUSD,sao_hom,1,3050,192.0,0.25717233981613785,-0.019270404711005974,-1,0.6121061829853081,0.5814185814185814,1.0,0.9352577717188977
bien_do,EURUSD,sao_hom,2,3050,192.0,0.48708730496289154,-0.02651972383262026,-1,0.48528272971772235,0.44655344655344653,1.0,0.9280492235037688
bien_do,EURUSD,ba_linh_trang,1,3050,339.0,0.2432949543187471,0.01448951573022595,1,0.6218719346533257,0.6583416583416584,1.0,0.9504780933352363
bien_do,EURUSD,ba_linh_trang,2,3050,339.0,1.1943597213470585,-0.032097610482960844,-1,0.274538305528383,0.3646353646353646,1.0,0.9039347749025168
bien_do,EURUSD,ba_qua_den,1,3050,325.0,0.12777646171385876,0.0106952080891306,1,0.7207734684240921,0.7622377622377622,1.0,0.9657009657009658
bien_do,EURUSD,ba_qua_den,2,3050,325.0,0.4946667850420553,0.021045083078421865,1,0.48190664721443643,0.5644355644355644,1.0,0.9313267377783506
bien_do,EURUSD,gap,1,3050,,3.268548826335366,-19.389291972518308,-1,0.07071863273899381,0.07192807192807193,1.0,0.5911896322855227
bien_do,EURUSD,gap,2,3050,,0.0006720894243156995,0.2782602907932919,1,0.9793191065023753,0.981018981018981,1.0,0.9976667739605971
bien_do,EURUSD,abs_gap,1,3050,,19.70854354078618,49.110677827828304,1,9.340054215711824e-06,0.000999000999000999,0.023976023976023976,0.06660006660006661
bien_do,EURUSD,abs_gap,2,3050,,28.519333936944424,59.065036206036694,1,9.958494995299105e-08,0.000999000999000999,0.001998001998001998,0.06660006660006661
bien_do,GBPUSD,than,1,3050,,0.0036202350336939906,-0.002058310685669751,-1,0.9520254678734078,0.942057942057942,1.0,0.9976667739605971
bien_do,GBPUSD,than,2,3050,,1.1095869723338097,0.03604019163098197,1,0.29225527202252854,0.25574425574425574,1.0,0.8301858569238248
bien_do,GBPUSD,bong_tren,1,3050,,1.8052242824458478,0.05974613660079599,1,0.17918223281134482,0.17782217782217782,1.0,0.7796399404791013
bien_do,GBPUSD,bong_tren,2,3050,,0.0741585718207891,-0.012106818361856156,-1,0.7853938812444761,0.7742257742257742,1.0,0.9657009657009658
bien_do,GBPUSD,bong_duoi,1,3050,,1.6088281978937327,-0.05654295884422955,-1,0.20475349817707345,0.18981018981018982,1.0,0.779989241527703
bien_do,GBPUSD,bong_duoi,2,3050,,1.2087795346573709,-0.04901612784893457,-1,0.27166082529114044,0.27172827172827174,1.0,0.832003817078444
bien_do,GBPUSD,vi_tri_dong,1,3050,,2.155816810702431,-0.04338640781549573,-1,0.142134115168286,0.13286713286713286,1.0,0.7437007437007437
bien_do,GBPUSD,vi_tri_dong,2,3050,,5.01242358720436,-0.06610680938112012,-1,0.025237966665978995,0.028971028971028972,1.0,0.46484128116781176
bien_do,GBPUSD,huong,1,3050,,0.28609747005278735,-0.004637561768991376,-1,0.5927713151186135,0.6153846153846154,1.0,0.9393138507062558
bien_do,GBPUSD,huong,2,3050,,4.097247641207682,-0.01753969558036969,-1,0.04304017184791897,0.03696303696303696,1.0,0.46484128116781176
bien_do,GBPUSD,lr_park,1,3050,,10.901825672182717,0.052565336134562456,1,0.0009717758787438635,0.000999000999000999,0.5124875124875125,0.06660006660006661
bien_do,GBPUSD,lr_park,2,3050,,2.5288229928468717,0.025365465190793995,1,0.1118873107888887,0.08491508491508491,1.0,0.6213298896225725
bien_do,GBPUSD,lr_gk,1,3050,,12.540591486449888,0.06483734634724467,1,0.0004041728762975705,0.001998001998001998,0.27672327672327673,0.09221547683086145
bien_do,GBPUSD,lr_gk,2,3050,,0.8506835071903289,0.016928348927777316,1,0.35643207296982904,0.32867132867132864,1.0,0.892320349333924
bien_do,GBPUSD,lr_rs,1,3050,,8.91501514054759,0.04716735683103605,1,0.0028508660200051716,0.001998001998001998,0.8351648351648352,0.09221547683086145
bien_do,GBPUSD,lr_rs,2,3050,,0.0416386895257343,0.003229463574749014,1,0.8383236746050442,0.8491508491508492,1.0,0.99744005994006
bien_do,GBPUSD,doji,1,3050,159.0,1.1944695079019245,0.042612500391140666,1,0.27451625353188014,0.26973026973026976,1.0,0.832003817078444
bien_do,GBPUSD,doji,2,3050,159.0,0.6208240913312743,0.030723215280931217,1,0.4308025030343924,0.4125874125874126,1.0,0.9280492235037688
bien_do,GBPUSD,bua,1,3050,97.0,0.6204564597270317,-0.03890557932010049,-1,0.43093898223698,0.4355644355644356,1.0,0.9280492235037688
bien_do,GBPUSD,bua,2,3050,97.0,0.2354002639374288,-0.02396491958624289,-1,0.6275830864830083,0.6063936063936064,1.0,0.9393138507062558
bien_do,GBPUSD,sao_bang,1,3050,99.0,1.556764176428141,0.06101176976622738,1,0.21223551591995582,0.21578421578421578,1.0,0.7931093296946954
bien_do,GBPUSD,sao_bang,2,3050,99.0,1.3129355443893298,0.05603120878326448,1,0.2519538278758069,0.27372627372627373,1.0,0.832003817078444
bien_do,GBPUSD,marubozu,1,3050,74.0,1.780191534708512,0.07514175426255015,1,0.1822255134757902,0.17682317682317683,1.0,0.7796399404791013
bien_do,GBPUSD,marubozu,2,3050,74.0,0.32125420680078254,0.031928109215102245,1,0.5708966337343058,0.5574425574425574,1.0,0.9313267377783506
bien_do,GBPUSD,con_quay,1,3050,582.0,0.00010294572831662324,-0.0002238599855892212,-1,0.9919052928792064,0.993006993006993,1.0,0.9976667739605971
bien_do,GBPUSD,con_quay,2,3050,581.0,0.056383041631240235,-0.005242345269120881,-1,0.8123227876012183,0.8191808191808192,1.0,0.983016983016983
bien_do,GBPUSD,nhan_chim_tang,1,3050,212.0,1.2124993048012318,0.0375340382383231,1,0.270924681984824,0.25874125874125875,1.0,0.8301858569238248
bien_do,GBPUSD,nhan_chim_tang,2,3050,212.0,3.3667484824432035,-0.06252806847786395,-1,0.06662236511985364,0.04995004995004995,1.0,0.52578999947421
bien_do,GBPUSD,nhan_chim_giam,1,3050,202.0,1.0117106818443597,-0.035060248018527605,-1,0.31457322960728884,0.2967032967032967,1.0,0.8600095556617295
bien_do,GBPUSD,nhan_chim_giam,2,3050,202.0,0.8336854411379884,-0.0318217220662642,-1,0.36128124391643124,0.32667332667332666,1.0,0.892320349333924
bien_do,GBPUSD,harami_tang,1,3050,203.0,2.0797741674359718,0.05013974768644132,1,0.14936503259348677,0.12487512487512488,1.0,0.7192807192807193
bien_do,GBPUSD,harami_tang,2,3050,203.0,0.02225140556721975,0.005187209537976091,1,0.8814301127558658,0.8731268731268731,1.0,0.9976667739605971
bien_do,GBPUSD,harami_giam,1,3050,218.0,0.9475817791069643,-0.03274660708355403,-1,0.33041286956451965,0.3246753246753247,1.0,0.892320349333924
bien_do,GBPUSD,harami_giam,2,3050,218.0,0.2599035607387838,-0.017152470418863325,-1,0.6102233401186257,0.5954045954045954,1.0,0.9365634365634365
bien_do,GBPUSD,xuyen_tham,1,3050,62.0,0.2190701818147492,-0.028746717570974707,-1,0.6397827844133761,0.6353646353646354,1.0,0.9459523107165788
bien_do,GBPUSD,xuyen_tham,2,3050,62.0,0.4567401678246036,0.04150687100275191,1,0.49920270201911743,0.4775224775224775,1.0,0.9280492235037688
bien_do,GBPUSD,may_den,1,3050,59.0,4.6094296775962444,0.1350169370900223,1,0.0318753021429633,0.03196803196803197,1.0,0.46484128116781176
bien_do,GBPUSD,may_den,2,3050,59.0,1.3640934442582433,0.07349892582933551,1,0.24292068900200758,0.2547452547452547,1.0,0.8301858569238248
bien_do,GBPUSD,sao_mai,1,3050,189.0,2.40978106544229,-0.05578762626065359,-1,0.12068308231504354,0.1038961038961039,1.0,0.6702974444909929
bien_do,GBPUSD,sao_mai,2,3050,189.0,0.046333491457980665,-0.007738495713448123,-1,0.8295851338551363,0.8111888111888111,1.0,0.9785395327564003
bien_do,GBPUSD,sao_hom,1,3050,176.0,3.79286034682818,-0.0723455674709107,-1,0.051563352260484696,0.03596403596403597,1.0,0.46484128116781176
bien_do,GBPUSD,sao_hom,2,3050,176.0,3.3310950566780937,-0.06780761474323448,-1,0.06807945250435454,0.060939060939060936,1.0,0.5546692113856293
bien_do,GBPUSD,ba_linh_trang,1,3050,368.0,3.5051568220111484,-0.04979167598557726,-1,0.06127376525437578,0.12487512487512488,1.0,0.7192807192807193
bien_do,GBPUSD,ba_linh_trang,2,3050,368.0,2.8690118157412283,-0.04505741047348853,-1,0.0904025034862016,0.16983016983016982,1.0,0.7796399404791013
bien_do,GBPUSD,ba_qua_den,1,3050,401.0,0.11956274557480735,-0.00886932622485279,-1,0.7295330829023523,0.7942057942057942,1.0,0.9724968908642377
bien_do,GBPUSD,ba_qua_den,2,3050,401.0,1.7639536814763812,0.034059306397243,1,0.18423160567959795,0.26873126873126874,1.0,0.832003817078444
bien_do,GBPUSD,gap,1,3050,,1.7781526263261371,-13.705936531071329,-1,0.18247601300232652,0.1838161838161838,1.0,0.7796399404791013
bien_do,GBPUSD,gap,2,3050,,2.7409312374446166,-17.009632778118778,-1,0.09791073048904897,0.0989010989010989,1.0,0.6702974444909929
bien_do,GBPUSD,abs_gap,1,3050,,19.097862415655396,46.58960475516964,1,1.283333244206375e-05,0.000999000999000999,0.030969030969030968,0.06660006660006661
bien_do,GBPUSD,abs_gap,2,3050,,19.36404460130582,47.060226221151574,1,1.1172928079283828e-05,0.000999000999000999,0.028971028971028972,0.06660006660006661
bien_do,USDCAD,than,1,3050,,1.6635715477202828,0.04419323988703284,1,0.19721967458083556,0.16783216783216784,1.0,0.7796399404791013
bien_do,USDCAD,than,2,3050,,0.016837651396884656,-0.004448437326511238,-1,0.896764894531894,0.8831168831168831,1.0,0.9976667739605971
bien_do,USDCAD,bong_tren,1,3050,,0.19593079956255588,-0.018863420582726543,-1,0.6580570520977004,0.6623376623376623,1.0,0.9504780933352363
bien_do,USDCAD,bong_tren,2,3050,,7.991655552955148e-05,-0.0003810082964925375,-1,0.9928679066206131,0.988011988011988,1.0,0.9976667739605971
bien_do,USDCAD,bong_duoi,1,3050,,1.4843123529386988,-0.05447076620522329,-1,0.22319535600296914,0.23176823176823177,1.0,0.827743684886542
bien_do,USDCAD,bong_duoi,2,3050,,0.03192041262560113,0.007990406444114993,1,0.8582143219912437,0.8681318681318682,1.0,0.9976667739605971
bien_do,USDCAD,vi_tri_dong,1,3050,,5.39888633510519,0.06767133072544512,1,0.020215088337380505,0.01098901098901099,1.0,0.26373626373626374
bien_do,USDCAD,vi_tri_dong,2,3050,,5.114849676580274,0.06587141775237088,1,0.023792118327898515,0.026973026973026972,1.0,0.44955044955044954
bien_do,USDCAD,huong,1,3050,,6.7550491368889265,0.022723576062827034,1,0.00939335900218674,0.015984015984015984,0.993006993006993,0.34251462822891393
bien_do,USDCAD,huong,2,3050,,6.070743571665335,0.02154259317399031,1,0.013798757781319226,0.007992007992007992,0.998001998001998,0.2247752247752248
bien_do,USDCAD,lr_park,1,3050,,0.5179627423879185,0.011690487015495797,1,0.4717672112975859,0.44155844155844154,1.0,0.9280492235037688
bien_do,USDCAD,lr_park,2,3050,,2.752426866918221,0.026946415254800016,1,0.09720985038673402,0.07892107892107893,1.0,0.5994005994005994
bien_do,USDCAD,lr_gk,1,3050,,2.4451752620921853e-05,8.964528346874778e-05,1,0.9960549032827418,0.995004995004995,1.0,0.9976667739605971
bien_do,USDCAD,lr_gk,2,3050,,3.7014876601517184,0.03484525984519336,1,0.054457024784439256,0.060939060939060936,1.0,0.5546692113856293
bien_do,USDCAD,lr_rs,1,3050,,0.31269874056804414,-0.00846973995801997,-1,0.5760699297983983,0.5764235764235764,1.0,0.9313267377783506
bien_do,USDCAD,lr_rs,2,3050,,3.304478409011105,0.027502901899350264,1,0.06918943712840586,0.07492507492507493,1.0,0.5994005994005994
bien_do,USDCAD,doji,1,3050,144.0,0.9336035539749213,-0.039805495535303805,-1,0.3340049729301747,0.3336663336663337,1.0,0.8937491080348224
bien_do,USDCAD,doji,2,3050,144.0,0.06449359658520556,-0.010467349243686488,-1,0.7995467670130291,0.7872127872127872,1.0,0.9678845744419514
bien_do,USDCAD,bua,1,3050,96.0,3.487077024601347,-0.09340176741124705,-1,0.061945645313218445,0.056943056943056944,1.0,0.5546692113856293
bien_do,USDCAD,bua,2,3050,96.0,0.0011929017086255316,-0.0017283755986247603,-1,0.9724500768149975,0.9790209790209791,1.0,0.9976667739605971
bien_do,USDCAD,sao_bang,1,3050,144.0,1.1663076375433556,0.04448209221798032,1,0.28024669699434357,0.3116883116883117,1.0,0.8738924626775093
bien_do,USDCAD,sao_bang,2,3050,144.0,0.5180499683015666,0.029648126469613897,1,0.4717298999089268,0.46153846153846156,1.0,0.9280492235037688
bien_do,USDCAD,marubozu,1,3050,83.0,6.35581936300156,0.13525394679014213,1,0.011750323699622589,0.006993006993006993,0.996003996003996,0.2097902097902098
bien_do,USDCAD,marubozu,2,3050,83.0,0.7007813868078175,0.04498597854354038,1,0.402586912798519,0.40559440559440557,1.0,0.9280492235037688
bien_do,USDCAD,con_quay,1,3050,552.0,0.7797576701351505,-0.020040665371611317,-1,0.3772849247401916,0.34765234765234765,1.0,0.8939778170547402
bien_do,USDCAD,con_quay,2,3050,552.0,0.11074706362053745,0.007553691732146515,1,0.7393181062893048,0.7432567432567433,1.0,0.9657009657009658
bien_do,USDCAD,nhan_chim_tang,1,3050,221.0,0.23183037567260095,-0.01623019120327437,-1,0.6302045178482039,0.5924075924075924,1.0,0.9365634365634365
bien_do,USDCAD,nhan_chim_tang,2,3050,220.0,4.059464946539385,0.06804034658773052,1,0.04401209838773579,0.04595404595404595,1.0,0.52578999947421
bien_do,USDCAD,nhan_chim_giam,1,3050,221.0,0.7829460635039728,-0.02982784547694351,-1,0.3763114581192666,0.32867132867132864,1.0,0.892320349333924
bien_do,USDCAD,nhan_chim_giam,2,3050,221.0,0.020319749385169426,0.004805156727747741,1,0.8866570994864661,0.8721278721278721,1.0,0.9976667739605971
bien_do,USDCAD,harami_tang,1,3050,228.0,1.557525528656424,-0.0414677419320375,-1,0.21212379325762054,0.1838161838161838,1.0,0.7796399404791013
bien_do,USDCAD,harami_tang,2,3050,228.0,2.158269480267915,-0.04880556356469114,-1,0.14190754631420077,0.13586413586413587,1.0,0.7478759772337754
bien_do,USDCAD,harami_giam,1,3050,232.0,0.3062317503580974,-0.01823931083522344,-1,0.5800423928764312,0.5634365634365635,1.0,0.9313267377783506
bien_do,USDCAD,harami_giam,2,3050,232.0,0.06797451168661939,0.008595363540789132,1,0.7943266613450257,0.7772227772227772,1.0,0.9657009657009658
bien_do,USDCAD,xuyen_tham,1,3050,47.0,0.09511641173840193,0.021876437185577267,1,0.7577918464161569,0.7732267732267732,1.0,0.9657009657009658
bien_do,USDCAD,xuyen_tham,2,3050,47.0,0.37318419006280956,0.04332981078736564,1,0.5413192728066206,0.5304695304695305,1.0,0.9280492235037688
bien_do,USDCAD,may_den,1,3050,46.0,1.7190364924248949,-0.09396638344459018,-1,0.18991591383010897,0.17282717282717283,1.0,0.7796399404791013
bien_do,USDCAD,may_den,2,3050,46.0,0.7722533896859222,-0.06299027618887312,-1,0.3795901425179481,0.36063936063936064,1.0,0.9015984015984017
bien_do,USDCAD,sao_mai,1,3050,206.0,0.04868572442398459,0.007682181860039771,1,0.8253809808672333,0.8221778221778222,1.0,0.9846440984165535
bien_do,USDCAD,sao_mai,2,3050,205.0,0.4334698893575441,0.022976617337628888,1,0.5103409617796049,0.5034965034965035,1.0,0.9280492235037688
bien_do,USDCAD,sao_hom,1,3050,189.0,2.336249004238256,-0.05537345959642701,-1,0.12649737456376475,0.0919080919080919,1.0,0.6412192458704087
bien_do,USDCAD,sao_hom,2,3050,189.0,1.5614824413023372,-0.04527392110032289,-1,0.21154426924823866,0.21178821178821178,1.0,0.7931093296946954
bien_do,USDCAD,ba_linh_trang,1,3050,355.0,10.933683349472865,0.09011217553334107,1,0.0009552666155581147,0.001998001998001998,0.5074925074925075,0.09221547683086145
bien_do,USDCAD,ba_linh_trang,2,3050,355.0,0.6730098456446786,0.022408444297920768,1,0.41206837369956595,0.5194805194805194,1.0,0.9280492235037688
bien_do,USDCAD,ba_qua_den,1,3050,319.0,1.8351715954689307,-0.038710618694159024,-1,0.17561835714969132,0.24575424575424576,1.0,0.8301858569238248
bien_do,USDCAD,ba_qua_den,2,3050,319.0,1.2735964222110694,-0.03224359144017706,-1,0.2591819229113407,0.34565434565434566,1.0,0.8939778170547402
bien_do,USDCAD,gap,1,3050,,0.1961915243990366,6.561080227866452,1,0.6578441037203075,0.6453546453546454,1.0,0.9496615853584067
bien_do,USDCAD,gap,2,3050,,1.6320848676689794,18.920803626586217,1,0.20151225253818406,0.18581418581418582,1.0,0.7796399404791013
bien_do,USDCAD,abs_gap,1,3050,,67.83689174329946,126.7404041160121,1,2.220446049250313e-16,0.000999000999000999,0.000999000999000999,0.06660006660006661
bien_do,USDCAD,abs_gap,2,3050,,1.7879526596749633,20.932800736976194,1,0.18127562268768382,0.12187812187812187,1.0,0.7169301286948345
bien_do,USDCHF,than,1,3050,,0.25980047799718353,-0.01753263153890924,-1,0.6102941762911409,0.6183816183816184,1.0,0.9393138507062558
bien_do,USDCHF,than,2,3050,,0.4901319110630493,0.024083216521749932,1,0.4839219157926872,0.4785214785214785,1.0,0.9280492235037688
bien_do,USDCHF,bong_tren,1,3050,,0.45957195255152566,0.029909700258627304,1,0.49787556375980124,0.5094905094905094,1.0,0.9280492235037688
bien_do,USDCHF,bong_tren,2,3050,,1.9941205136527882,-0.06225616625047698,-1,0.158012827170519,0.14385614385614387,1.0,0.7676533992323465
bien_do,USDCHF,bong_duoi,1,3050,,0.0006086204797160481,-0.001114383433175603,-1,0.9803196125831817,0.984015984015984,1.0,0.9976667739605971
bien_do,USDCHF,bong_duoi,2,3050,,0.27740301961272695,0.023785528096384838,1,0.5984467817622665,0.5884115884115884,1.0,0.9365634365634365
bien_do,USDCHF,vi_tri_dong,1,3050,,2.0357098535606686,-0.043082570102428816,-1,0.15374489774968247,0.15084915084915085,1.0,0.7787084710161633
bien_do,USDCHF,vi_tri_dong,2,3050,,1.1857489609016727,0.03288659582330074,1,0.27627483754232274,0.27172827172827174,1.0,0.832003817078444
bien_do,USDCHF,huong,1,3050,,1.7664198022986728,-0.011662438587006935,-1,0.18392528710457023,0.18581418581418582,1.0,0.7796399404791013
bien_do,USDCHF,huong,2,3050,,0.2386776677459448,0.004288311114218621,1,0.6251979660069296,0.6223776223776224,1.0,0.9397637538341055
bien_do,USDCHF,lr_park,1,3050,,0.09425116212818702,0.0048891607111890036,1,0.7588616708005415,0.7432567432567433,1.0,0.9657009657009658
bien_do,USDCHF,lr_park,2,3050,,5.206939882067056,0.036299644373670545,1,0.0225655569449581,0.026973026973026972,1.0,0.44955044955044954
bien_do,USDCHF,lr_gk,1,3050,,0.02201038912946377,0.0026801332270267146,1,0.8820692821849829,0.8851148851148851,1.0,0.9976667739605971
bien_do,USDCHF,lr_gk,2,3050,,6.399837900181062,0.045631855715643516,1,0.01146307953076009,0.012987012987012988,0.996003996003996,0.28860028860028863
bien_do,USDCHF,lr_rs,1,3050,,0.004415819408103922,-0.0010392583377026449,-1,0.9470226241744281,0.951048951048951,1.0,0.9976667739605971
bien_do,USDCHF,lr_rs,2,3050,,7.667800309128647,0.04323844453423309,1,0.005655521841852584,0.008991008991008992,0.965034965034965,0.2247752247752248
bien_do,USDCHF,doji,1,3050,152.0,2.9379223354182584,0.06901709652234325,1,0.08662365983122611,0.1018981018981019,1.0,0.6702974444909929
bien_do,USDCHF,doji,2,3050,152.0,4.008415342306613,-0.08059446320567243,-1,0.04536216420548311,0.03796203796203796,1.0,0.46484128116781176
bien_do,USDCHF,bua,1,3050,90.0,0.0780190387020939,-0.014473019211046526,-1,0.7800190729835823,0.7822177822177823,1.0,0.9657009657009658
bien_do,USDCHF,bua,2,3050,90.0,2.346964066494528,0.07932470344902089,1,0.12563107422090147,0.1258741258741259,1.0,0.7192807192807193
bien_do,USDCHF,sao_bang,1,3050,117.0,0.478157281535414,0.03155977050089597,1,0.489310861334164,0.4725274725274725,1.0,0.9280492235037688
bien_do,USDCHF,sao_bang,2,3050,117.0,0.0004394000597645268,0.0009565430730235601,1,0.9832774435751023,0.988011988011988,1.0,0.9976667739605971
bien_do,USDCHF,marubozu,1,3050,66.0,0.4367765881465552,0.03980469202876193,1,0.5087323400960138,0.5244755244755245,1.0,0.9280492235037688
bien_do,USDCHF,marubozu,2,3050,66.0,2.578784873251432,-0.0966809349948385,-1,0.10840839737941443,0.0969030969030969,1.0,0.6682972200213579
bien_do,USDCHF,con_quay,1,3050,566.0,0.8020935641021845,0.020190173095436047,1,0.370538908933029,0.3756243756243756,1.0,0.905118977408134
bien_do,USDCHF,con_quay,2,3050,565.0,3.140081296304595,-0.039954636630239675,-1,0.07648991594240206,0.07792207792207792,1.0,0.5994005994005994
bien_do,USDCHF,nhan_chim_tang,1,3050,203.0,0.7979316383861289,-0.0314070658863837,-1,0.3717830403345177,0.3516483516483517,1.0,0.8940212330042839
bien_do,USDCHF,nhan_chim_tang,2,3050,203.0,0.0037978136264301744,-0.002166876135557206,-1,0.9508643916622663,0.948051948051948,1.0,0.9976667739605971
bien_do,USDCHF,nhan_chim_giam,1,3050,234.0,0.8556499382683841,-0.030454461553846898,-1,0.35503214701945174,0.35064935064935066,1.0,0.8940212330042839
bien_do,USDCHF,nhan_chim_giam,2,3050,234.0,0.24756790691026515,-0.01638318351372853,-1,0.6188287228085947,0.5984015984015985,1.0,0.9365634365634365
bien_do,USDCHF,harami_tang,1,3050,230.0,0.4812754842119324,-0.023023871989874704,-1,0.4878980237999595,0.4785214785214785,1.0,0.9280492235037688
bien_do,USDCHF,harami_tang,2,3050,229.0,2.3110328585047903,-0.050544888739949737,-1,0.1285624224346117,0.12187812187812187,1.0,0.7169301286948345
bien_do,USDCHF,harami_giam,1,3050,230.0,1.454007684512014,0.04002626909692544,1,0.22797959835170212,0.18581418581418582,1.0,0.7796399404791013
bien_do,USDCHF,harami_giam,2,3050,230.0,0.14655505520197248,-0.012710062446251467,-1,0.7018761543921483,0.7152847152847153,1.0,0.9619844441273012
bien_do,USDCHF,xuyen_tham,1,3050,61.0,1.7928114296458213,0.08379097727927909,1,0.18068387258860374,0.18081918081918083,1.0,0.7796399404791013
bien_do,USDCHF,xuyen_tham,2,3050,61.0,0.15531403308783914,0.02466948946638205,1,0.6935355169585057,0.7002997002997003,1.0,0.9619844441273012
bien_do,USDCHF,may_den,1,3050,56.0,0.7490505248353009,0.056489597734493045,1,0.38684514322721153,0.34865134865134867,1.0,0.8939778170547402
bien_do,USDCHF,may_den,2,3050,56.0,1.8997854052444973,-0.08994611553457853,-1,0.1682035355883077,0.14285714285714285,1.0,0.7676533992323465
bien_do,USDCHF,sao_mai,1,3050,187.0,0.14850343321349851,-0.014077120706473666,-1,0.6999965523652696,0.7102897102897103,1.0,0.9619844441273012
bien_do,USDCHF,sao_mai,2,3050,187.0,0.0297248642060782,-0.006298149030358088,-1,0.8631274453146387,0.8681318681318682,1.0,0.9976667739605971
bien_do,USDCHF,sao_hom,1,3050,207.0,1.3288216503943888,-0.04015614106839282,-1,0.24910538072183597,0.23376623376623376,1.0,0.829939291477753
bien_do,USDCHF,sao_hom,2,3050,207.0,0.1688480159927776,0.014316871466478979,1,0.6811665434265715,0.6643356643356644,1.0,0.9504780933352363
bien_do,USDCHF,ba_linh_trang,1,3050,389.0,0.04853403572693008,-0.005788203954163668,-1,0.8256488401084108,0.8601398601398601,1.0,0.9976667739605971
bien_do,USDCHF,ba_linh_trang,2,3050,389.0,0.002903556131850826,-0.0014157549484882775,-1,0.9570305943041524,0.97002997002997,1.0,0.9976667739605971
bien_do,USDCHF,ba_qua_den,1,3050,293.0,0.011264339256413191,0.0031563516850601162,1,0.9154833459703723,0.9440559440559441,1.0,0.9976667739605971
bien_do,USDCHF,ba_qua_den,2,3050,293.0,0.0012627446592367423,0.0010568816065643187,1,0.9716553710665103,0.988011988011988,1.0,0.9976667739605971
bien_do,USDCHF,gap,1,3050,,0.493614595672824,9.030113161056775,1,0.48237300079992407,0.4935064935064935,1.0,0.9280492235037688
bien_do,USDCHF,gap,2,3050,,0.7091138104534317,-10.818136818223511,-1,0.39980425048913637,0.3856143856143856,1.0,0.918129489558061
bien_do,USDCHF,abs_gap,1,3050,,33.61081263318228,78.20456294410454,1,7.420647540890002e-09,0.000999000999000999,0.001998001998001998,0.06660006660006661
bien_do,USDCHF,abs_gap,2,3050,,28.39991230667467,72.02018434268871,1,1.0586041665483492e-07,0.000999000999000999,0.001998001998001998,0.06660006660006661
bien_do,USDJPY,than,1,3050,,8.157677574704996,0.12159162891046221,1,0.0043169570154285575,0.002997002997002997,0.935064935064935,0.11988011988011987
bien_do,USDJPY,than,2,3050,,2.407926661361793,0.06619134426866916,1,0.12082601537756332,0.0999000999000999,1.0,0.6702974444909929
bien_do,USDJPY,bong_tren,1,3050,,1.4446907685885992,-0.06969992369587824,-1,0.22947518286764945,0.21678321678321677,1.0,0.7931093296946954
bien_do,USDJPY,bong_tren,2,3050,,7.896118528860409,-0.1625892411333721,-1,0.004985719121376908,0.006993006993006993,0.9530469530469531,0.2097902097902098
bien_do,USDJPY,bong_duoi,1,3050,,6.362120611646448,-0.13743864370866105,-1,0.011708755493012424,0.011988011988011988,0.996003996003996,0.2766464304925843
bien_do,USDJPY,bong_duoi,2,3050,,0.43455514413835694,0.03593895623616354,1,0.5098120462838831,0.5164835164835165,1.0,0.9280492235037688
bien_do,USDJPY,vi_tri_dong,1,3050,,0.3126523161817911,-0.020849990294489935,-1,0.5760982540361481,0.5564435564435565,1.0,0.9313267377783506
bien_do,USDJPY,vi_tri_dong,2,3050,,0.5942646838103569,0.028744836239795964,1,0.44083448453103535,0.44455544455544455,1.0,0.9280492235037688
bien_do,USDJPY,huong,1,3050,,0.16599451683060829,-0.004444002036538893,-1,0.6837250426652417,0.6693306693306693,1.0,0.951989187283305
bien_do,USDJPY,huong,2,3050,,0.452940305461378,-0.007337137880115469,-1,0.5009929855510844,0.4945054945054945,1.0,0.9280492235037688
bien_do,USDJPY,lr_park,1,3050,,6.6522861172253895,0.05315442942722366,1,0.009949338678990394,0.004995004995004995,0.995004995004995,0.17629429394135276
bien_do,USDJPY,lr_park,2,3050,,1.619087851836798,0.026297744055213554,1,0.20331611053610654,0.18181818181818182,1.0,0.7796399404791013
bien_do,USDJPY,lr_gk,1,3050,,1.671172488406999,0.030248749976433065,1,0.19619957779459096,0.17182817182817184,1.0,0.7796399404791013
bien_do,USDJPY,lr_gk,2,3050,,0.413100075725443,0.015055965222103927,1,0.5204485676732533,0.5194805194805194,1.0,0.9280492235037688
bien_do,USDJPY,lr_rs,1,3050,,0.00034123633093138925,0.0003545780821249053,1,0.9852630587116716,0.987012987012987,1.0,0.9976667739605971
bien_do,USDJPY,lr_rs,2,3050,,0.005893904641005311,0.0014735390071233916,1,0.938810149245066,0.9400599400599401,1.0,0.9976667739605971
bien_do,USDJPY,doji,1,3050,135.0,0.10894100391537126,-0.01744094534823885,-1,0.7413757137467694,0.7652347652347652,1.0,0.9657009657009658
bien_do,USDJPY,doji,2,3050,135.0,0.10781931781632893,0.017351060200058978,1,0.7426631646652395,0.7272727272727273,1.0,0.9654062751407885
bien_do,USDJPY,bua,1,3050,106.0,1.182876317495527,-0.06454217402913974,-1,0.27685723370985516,0.2837162837162837,1.0,0.8385702966983755
bien_do,USDJPY,bua,2,3050,106.0,0.05719060129554208,-0.014190173685922703,-1,0.8110087944869071,0.8121878121878122,1.0,0.9785395327564003
bien_do,USDJPY,sao_bang,1,3050,84.0,2.8606257288517583,-0.11231615862797201,-1,0.09087444325235716,0.1038961038961039,1.0,0.6702974444909929
bien_do,USDJPY,sao_bang,2,3050,84.0,7.469847909174148,-0.18133385162043783,-1,0.006310314135236972,0.008991008991008992,0.975024975024975,0.2247752247752248
bien_do,USDJPY,marubozu,1,3050,96.0,0.015900552531599235,0.007849016961611171,1,0.8996631504936542,0.8851148851148851,1.0,0.9976667739605971
bien_do,USDJPY,marubozu,2,3050,96.0,0.0910303181085294,-0.01878314564679737,-1,0.762891972965089,0.7642357642357642,1.0,0.9657009657009658
bien_do,USDJPY,con_quay,1,3050,519.0,3.4732377958003657,-0.05394286247617128,-1,0.06246524064604331,0.058941058941058944,1.0,0.5546692113856293
bien_do,USDJPY,con_quay,2,3050,520.0,1.0539076999177306,-0.029707159898647625,-1,0.30469031121305223,0.2947052947052947,1.0,0.858364936034839
bien_do,USDJPY,nhan_chim_tang,1,3050,216.0,0.1702428841909455,-0.017482767312446686,-1,0.6799250678439259,0.6743256743256744,1.0,0.951989187283305
bien_do,USDJPY,nhan_chim_tang,2,3050,216.0,0.0035175912512764506,-0.0025130684350953324,-1,0.9527096553351648,0.957042957042957,1.0,0.9976667739605971
bien_do,USDJPY,nhan_chim_giam,1,3050,218.0,1.0514922728080014,-0.043251299453294735,-1,0.3052450515945221,0.2897102897102897,1.0,0.852089087383205
bien_do,USDJPY,nhan_chim_giam,2,3050,218.0,0.2668775676071186,-0.021792097895991,-1,0.6054715497617025,0.6083916083916084,1.0,0.9393138507062558
bien_do,USDJPY,harami_tang,1,3050,209.0,3.0985570541348073,-0.07568887604311023,-1,0.07846203974951393,0.061938061938061936,1.0,0.5546692113856293
bien_do,USDJPY,harami_tang,2,3050,209.0,1.0251954859695882,-0.04354757378027957,-1,0.31137018132437444,0.3256743256743257,1.0,0.892320349333924
bien_do,USDJPY,harami_giam,1,3050,235.0,0.015904241496242217,0.005140171800656534,1,0.8996515735653274,0.8861138861138861,1.0,0.9976667739605971
bien_do,USDJPY,harami_giam,2,3050,235.0,0.03960648698433701,-0.00811157721981029,-1,0.8422652389480826,0.8441558441558441,1.0,0.99744005994006
bien_do,USDJPY,xuyen_tham,1,3050,70.0,1.3450486510939181,0.08415044422686978,1,0.24623645618435475,0.24675324675324675,1.0,0.8301858569238248
bien_do,USDJPY,xuyen_tham,2,3050,70.0,0.7596055323963908,0.06324448006391431,1,0.3835206639669959,0.3726273726273726,1.0,0.9039347749025168
bien_do,USDJPY,may_den,1,3050,56.0,0.18148690887706104,0.034486940685222456,1,0.6701286068278535,0.6383616383616384,1.0,0.9480618391509481
bien_do,USDJPY,may_den,2,3050,55.0,2.4353672870340977,-0.12742005721954922,-1,0.11872995702286604,0.12187812187812187,1.0,0.7169301286948345
bien_do,USDJPY,sao_mai,1,3050,175.0,0.4155099602677887,-0.030122168904150756,-1,0.5192345567765289,0.5104895104895105,1.0,0.9280492235037688
bien_do,USDJPY,sao_mai,2,3050,175.0,0.14433788251643617,0.017754728663562102,1,0.7040325723149913,0.6813186813186813,1.0,0.959603776505185
bien_do,USDJPY,sao_hom,1,3050,172.0,1.3463957995213793,-0.054683677896595916,-1,0.24600010326946642,0.1978021978021978,1.0,0.779989241527703
bien_do,USDJPY,sao_hom,2,3050,172.0,8.329764441367468e-05,0.0004302274258761859,1,0.9927186022148422,0.9920079920079921,1.0,0.9976667739605971
bien_do,USDJPY,ba_linh_trang,1,3050,388.0,3.964259273262374e-05,0.0002058618838065799,1,0.9949767755544168,0.996003996003996,1.0,0.9976667739605971
bien_do,USDJPY,ba_linh_trang,2,3050,388.0,1.0079895218960657,-0.03279547156005633,-1,0.3154646917316233,0.4205794205794206,1.0,0.9280492235037688
bien_do,USDJPY,ba_qua_den,1,3050,267.0,4.885860524406504,0.08502194161539936,1,0.02715157820600611,0.07992007992007992,1.0,0.5994005994005994
bien_do,USDJPY,ba_qua_den,2,3050,267.0,1.2698892103883292,0.043369660538039985,1,0.2598762018973697,0.34865134865134867,1.0,0.8939778170547402
bien_do,USDJPY,gap,1,3050,,1.5466174734024356,14.70885393987232,1,0.21373116002234693,0.22277722277722278,1.0,0.8088297244923751
bien_do,USDJPY,gap,2,3050,,0.012981433772072698,-1.3477477186351787,-1,0.9092959585247808,0.9120879120879121,1.0,0.9976667739605971
bien_do,USDJPY,abs_gap,1,3050,,6.09249451180046,30.638701051583705,1,0.013630249104705117,0.008991008991008992,0.998001998001998,0.2247752247752248
bien_do,USDJPY,abs_gap,2,3050,,6.818863167593327,32.40655546182618,1,0.009064230838450649,0.004995004995004995,0.99000999000999,0.17629429394135276
huong,AUDUSD,than,1,3050,,0.24716674736547803,-0.03322583326317742,-1,0.6191130430923557,0.6273726273726273,1.0,0.941058941058941
huong,AUDUSD,than,2,3050,,0.0023340916926460234,-0.0032292903062635238,-1,0.9614704091718722,0.9600399600399601,1.0,0.9976667739605971
huong,AUDUSD,bong_tren,1,3050,,0.14594749271225957,0.03264995195619216,1,0.7024652076241169,0.7182817182817183,1.0,0.9619844441273012
huong,AUDUSD,bong_tren,2,3050,,0.10092043647066705,0.02713115962233164,1,0.7507496330295467,0.7492507492507493,1.0,0.9657009657009658
huong,AUDUSD,bong_duoi,1,3050,,0.06732630094437092,0.022679465271940858,1,0.7952877525423461,0.7812187812187812,1.0,0.9657009657009658
huong,AUDUSD,bong_duoi,2,3050,,0.06847094806428368,-0.022847401007865878,-1,0.793593918271643,0.7692307692307693,1.0,0.9657009657009658
huong,AUDUSD,vi_tri_dong,1,3050,,0.028164207546714254,0.009619070049501346,1,0.8667344933732426,0.8741258741258742,1.0,0.9976667739605971
huong,AUDUSD,vi_tri_dong,2,3050,,0.2510710048818231,-0.028702049205607632,-1,0.6163581643288985,0.6473526473526473,1.0,0.9496615853584067
huong,AUDUSD,huong,1,3050,,0.10888746038514216,0.005661121580007455,1,0.741437010027383,0.7552447552447552,1.0,0.9657009657009658
huong,AUDUSD,huong,2,3050,,0.3737069776080676,-0.010475008669361133,-1,0.5410361670180901,0.5184815184815185,1.0,0.9280492235037688
huong,AUDUSD,lr_park,1,3050,,2.3076555307215094,-0.04997594231338726,-1,0.12884187884214848,0.13386613386613386,1.0,0.7437007437007437
huong,AUDUSD,lr_park,2,3050,,0.040494531050778236,0.006624641519973909,1,0.8405301928182258,0.8421578421578422,1.0,0.99744005994006
huong,AUDUSD,lr_gk,1,3050,,2.332480513099417,-0.05603032560541545,-1,0.12680366465881165,0.11588411588411589,1.0,0.7094945870456074
huong,AUDUSD,lr_gk,2,3050,,0.09534211524352618,0.011337253773054178,1,0.7575136627982548,0.7682317682317682,1.0,0.9657009657009658
huong,AUDUSD,lr_rs,1,3050,,1.5383303916557292,-0.03744446097293897,-1,0.21496202439000844,0.1938061938061938,1.0,0.779989241527703
huong,AUDUSD,lr_rs,2,3050,,0.25760486212336253,0.015329027336886045,1,0.6118071882008578,0.6273726273726273,1.0,0.941058941058941
huong,AUDUSD,doji,1,3050,154.0,0.12384516667910309,-0.027539365460107313,-1,0.724925288089372,0.7082917082917083,1.0,0.9619844441273012
huong,AUDUSD,doji,2,3050,154.0,0.8163227474931465,-0.0707027436703083,-1,0.36632895259510545,0.37362637362637363,1.0,0.9039347749025168
huong,AUDUSD,bua,1,3050,91.0,0.24827382002702192,0.05019621930420722,1,0.6183291391718371,0.6213786213786214,1.0,0.9397637538341055
huong,AUDUSD,bua,2,3050,91.0,0.9399690256717149,0.09761275225409183,1,0.33236278355754345,0.3306693306693307,1.0,0.8937008937008938
huong,AUDUSD,sao_bang,1,3050,124.0,0.2914517982366358,0.046838087314470984,1,0.5893311464567013,0.6043956043956044,1.0,0.9393138507062558
huong,AUDUSD,sao_bang,2,3050,124.0,3.9440934212363405,0.17216891075949053,1,0.047125691869609354,0.04895104895104895,1.0,0.52578999947421
huong,AUDUSD,marubozu,1,3050,73.0,0.6990691323196812,0.09371365482323524,1,0.4031622388389251,0.38961038961038963,1.0,0.9239772085621888
huong,AUDUSD,marubozu,2,3050,73.0,0.01682162925310363,-0.01454058075798821,-1,0.8968137515476757,0.913086913086913,1.0,0.9976667739605971
huong,AUDUSD,con_quay,1,3050,546.0,0.012049736982906827,-0.004905294835498202,-1,0.9125979886490432,0.9170829170829171,1.0,0.9976667739605971
huong,AUDUSD,con_quay,2,3050,546.0,0.2907700167766074,0.024099827738048918,1,0.5897669179314265,0.5994005994005994,1.0,0.9365634365634365
huong,AUDUSD,nhan_chim_tang,1,3050,217.0,0.8093182390922727,0.059980319371384,1,0.3683930035558961,0.37962037962037964,1.0,0.9098471249865672
huong,AUDUSD,nhan_chim_tang,2,3050,217.0,0.1226190990100811,0.023338367537683816,1,0.7262352557622096,0.6973026973026973,1.0,0.9619844441273012
huong,AUDUSD,nhan_chim_giam,1,3050,265.0,4.2907479247744575,-0.12600843375034904,-1,0.03840430945264306,0.03396603396603397,1.0,0.46484128116781176
huong,AUDUSD,nhan_chim_giam,2,3050,264.0,7.317054943747202e-05,-0.0005215617209905824,-1,0.9931755559598834,0.996003996003996,1.0,0.9976667739605971
huong,AUDUSD,harami_tang,1,3050,215.0,0.5099878666226483,-0.04780605001822686,-1,0.4751988270097648,0.4675324675324675,1.0,0.9280492235037688
huong,AUDUSD,harami_tang,2,3050,215.0,0.3784109488217641,0.04117665741986148,1,0.5385008520092278,0.5674325674325674,1.0,0.9313267377783506
huong,AUDUSD,harami_giam,1,3050,204.0,0.0017152703048932305,0.002842824336771879,1,0.966967113933693,0.965034965034965,1.0,0.9976667739605971
huong,AUDUSD,harami_giam,2,3050,204.0,1.8674481791068405,-0.09368121958993962,-1,0.17186849005339255,0.1798201798201798,1.0,0.7796399404791013
huong,AUDUSD,xuyen_tham,1,3050,50.0,0.41060135879939574,0.08645130287681406,1,0.5217126405883383,0.5314685314685315,1.0,0.9280492235037688
huong,AUDUSD,xuyen_tham,2,3050,50.0,1.841440886941495,-0.18302808337904197,-1,0.174882707072598,0.17782217782217782,1.0,0.7796399404791013
huong,AUDUSD,may_den,1,3050,55.0,1.3537070778762232,0.14977696687854355,1,0.24472221695698826,0.24475524475524477,1.0,0.8301858569238248
huong,AUDUSD,may_den,2,3050,55.0,3.101505989520101,0.2266879709914953,1,0.07832022741989975,0.06693306693306693,1.0,0.5737120022834308
huong,AUDUSD,sao_mai,1,3050,191.0,0.4141216435764029,0.045502806610707214,1,0.5199333454863241,0.5114885114885115,1.0,0.9280492235037688
huong,AUDUSD,sao_mai,2,3050,191.0,0.003777628827752194,0.004346472434901672,1,0.9509949762360905,0.952047952047952,1.0,0.9976667739605971
huong,AUDUSD,sao_hom,1,3050,182.0,0.3566874635080533,0.043270735973091994,1,0.5503961049979855,0.5694305694305695,1.0,0.9313267377783506
huong,AUDUSD,sao_hom,2,3050,182.0,0.33273595066435113,0.04174798085324675,1,0.5640951103661902,0.5904095904095904,1.0,0.9365634365634365
huong,AUDUSD,ba_linh_trang,1,3050,344.0,0.0008569707181176146,-0.001586071678296449,-1,0.9766479311851102,0.983016983016983,1.0,0.9976667739605971
huong,AUDUSD,ba_linh_trang,2,3050,344.0,0.36067956943028634,-0.03253871351482976,-1,0.5481737429913937,0.5414585414585414,1.0,0.9280492235037688
huong,AUDUSD,ba_qua_den,1,3050,348.0,6.645905066528136,0.13887884329207115,1,0.009984970586051634,0.005994005994005994,0.995004995004995,0.1998001998001998
huong,AUDUSD,ba_qua_den,2,3050,349.0,0.20597807091815173,0.02448260485633034,1,0.6499705155782781,0.6473526473526473,1.0,0.9496615853584067
huong,AUDUSD,gap,1,3050,,0.41663621999281303,-11.721640457493455,-1,0.5186689124305783,0.5064935064935064,1.0,0.9280492235037688
huong,AUDUSD,gap,2,3050,,0.1541012574014324,-7.127775413792319,-1,0.6946739274291895,0.6983016983016983,1.0,0.9619844441273012
huong,AUDUSD,abs_gap,1,3050,,0.49148418120409476,-13.432221778566097,-1,0.4833195427558459,0.4965034965034965,1.0,0.9280492235037688
huong,AUDUSD,abs_gap,2,3050,,1.4403937652825283,22.969913863367452,1,0.23016896420571642,0.2077922077922078,1.0,0.7890843333881309
huong,EURUSD,than,1,3050,,0.42928178122549554,0.04551413536366052,1,0.5123910539932645,0.5374625374625375,1.0,0.9280492235037688
huong,EURUSD,than,2,3050,,0.37338499219864485,0.042458089464689375,1,0.5412105091913415,0.5364635364635365,1.0,0.9280492235037688
huong,EURUSD,bong_tren,1,3050,,0.19453695696571435,-0.03961125964316452,-1,0.6591983741840781,0.6553446553446554,1.0,0.9504780933352363
huong,EURUSD,bong_tren,2,3050,,1.1976506941626295,-0.09830471039358953,-1,0.2738782655361284,0.26573426573426573,1.0,0.832003817078444
huong,EURUSD,bong_duoi,1,3050,,0.17080403781493023,-0.03778917896780025,-1,0.6794273122431969,0.6703296703296703,1.0,0.951989187283305
huong,EURUSD,bong_duoi,2,3050,,0.09575993630991639,0.02828749368776351,1,0.7569996283475888,0.7292707292707292,1.0,0.9657009657009658
huong,EURUSD,vi_tri_dong,1,3050,,0.09854285910065785,0.01871919716980325,1,0.7536068131995618,0.7772227772227772,1.0,0.9657009657009658
huong,EURUSD,vi_tri_dong,2,3050,,0.021916096731361957,0.008829636363398837,1,0.8823203192755245,0.8831168831168831,1.0,0.9976667739605971
huong,EURUSD,huong,1,3050,,0.5030818172033921,-0.012422603892009634,-1,0.478203404613877,0.4975024975024975,1.0,0.9280492235037688
huong,EURUSD,huong,2,3050,,0.6164198533815307,-0.0137546001104786,-1,0.43244187084332686,0.41058941058941056,1.0,0.9280492235037688
huong,EURUSD,lr_park,1,3050,,0.14696933658390923,-0.012975453542492478,-1,0.7014753110651308,0.6943056943056943,1.0,0.9619844441273012
huong,EURUSD,lr_park,2,3050,,0.059780809822103584,0.008269863782688826,1,0.8068591836720843,0.8011988011988012,1.0,0.9763056416200433
huong,EURUSD,lr_gk,1,3050,,0.20039469965102608,-0.017349215258578916,-1,0.6544342775589918,0.6743256743256744,1.0,0.951989187283305
huong,EURUSD,lr_gk,2,3050,,0.00042838629010950706,0.0008013635235889994,1,0.9834883231061046,0.9820179820179821,1.0,0.9976667739605971
huong,EURUSD,lr_rs,1,3050,,0.03340126581008238,-0.006018446148992532,-1,0.8549983944877365,0.8501498501498501,1.0,0.99744005994006
huong,EURUSD,lr_rs,2,3050,,0.168330977200854,-0.01349772927046146,-1,0.6816282559018205,0.7232767232767233,1.0,0.9635597218745777
huong,EURUSD,doji,1,3050,145.0,1.7186362116751182,-0.10779162632815113,-1,0.1899675123357929,0.16883116883116883,1.0,0.7796399404791013
huong,EURUSD,doji,2,3050,144.0,0.6046713178377001,-0.0641768788715372,-1,0.43686162669767925,0.45454545454545453,1.0,0.9280492235037688
huong,EURUSD,bua,1,3050,78.0,0.5017053472558075,0.07852647962454452,1,0.47880596289755206,0.5054945054945055,1.0,0.9280492235037688
huong,EURUSD,bua,2,3050,78.0,0.9272506833109883,-0.10674527985450144,-1,0.3356547905568493,0.3356643356643357,1.0,0.8939778170547402
huong,EURUSD,sao_bang,1,3050,117.0,0.6470473295743423,0.07328317372565783,1,0.4212330939346485,0.4165834165834166,1.0,0.9280492235037688
huong,EURUSD,sao_bang,2,3050,117.0,0.020169172148705835,-0.012941101328590722,-1,0.8870750137132586,0.8951048951048951,1.0,0.9976667739605971
huong,EURUSD,marubozu,1,3050,71.0,0.18703269204683232,-0.05019307424241182,-1,0.665428458017077,0.6883116883116883,1.0,0.9619844441273012
huong,EURUSD,marubozu,2,3050,71.0,0.03806341591089644,-0.022643597745212195,-1,0.8453288664849717,0.8461538461538461,1.0,0.99744005994006
huong,EURUSD,con_quay,1,3050,553.0,0.9523483416339064,-0.044343743057826596,-1,0.32919976109173754,0.3206793206793207,1.0,0.8907758907758909
huong,EURUSD,con_quay,2,3050,552.0,1.273331069612224,0.05129585212681183,1,0.2592315704321597,0.25274725274725274,1.0,0.8301858569238248
huong,EURUSD,nhan_chim_tang,1,3050,216.0,0.1349674415328965,0.025065090660991645,1,0.713361742447622,0.7102897102897103,1.0,0.9619844441273012
huong,EURUSD,nhan_chim_tang,2,3050,216.0,0.10420100157939868,-0.022021615013026113,-1,0.7468675061417839,0.7452547452547452,1.0,0.9657009657009658
huong,EURUSD,nhan_chim_giam,1,3050,236.0,0.013861113986255,-0.007712218748295822,-1,0.9062867967956219,0.913086913086913,1.0,0.9976667739605971
huong,EURUSD,nhan_chim_giam,2,3050,236.0,0.41403540580348025,0.04214070015085186,1,0.5199768056327554,0.4905094905094905,1.0,0.9280492235037688
huong,EURUSD,harami_tang,1,3050,229.0,0.017201872599759294,0.008714388864342951,1,0.8956606351758122,0.8861138861138861,1.0,0.9976667739605971
huong,EURUSD,harami_tang,2,3050,229.0,2.7488675055444265,-0.11006679624924808,-1,0.09742630908954641,0.0919080919080919,1.0,0.6412192458704087
huong,EURUSD,harami_giam,1,3050,237.0,0.3509571090753959,0.0387261949257706,1,0.5536158061916676,0.5584415584415584,1.0,0.9313267377783506
huong,EURUSD,harami_giam,2,3050,237.0,0.9244776118572473,0.06284938707302153,1,0.33637835595381005,0.3096903096903097,1.0,0.8738924626775093
huong,EURUSD,xuyen_tham,1,3050,60.0,0.4639323529891576,-0.08585050173684665,-1,0.49584367060976464,0.5034965034965035,1.0,0.9280492235037688
huong,EURUSD,xuyen_tham,2,3050,60.0,0.1270507277769004,0.044919836308116044,1,0.7215344481254844,0.7452547452547452,1.0,0.9657009657009658
huong,EURUSD,may_den,1,3050,62.0,0.8521059505563301,-0.11448185097857529,-1,0.3560303698461691,0.3626373626373626,1.0,0.9028316082257991
huong,EURUSD,may_den,2,3050,62.0,0.0028707089297668933,0.006645089900050465,1,0.9572741039300422,0.957042957042957,1.0,0.9976667739605971
huong,EURUSD,sao_mai,1,3050,194.0,0.05446297601820239,-0.016734099453889158,-1,0.8154874273225177,0.8121878121878122,1.0,0.9785395327564003
huong,EURUSD,sao_mai,2,3050,194.0,0.04346307597538061,0.014948911074221177,1,0.8348696986486482,0.8461538461538461,1.0,0.99744005994006
huong,EURUSD,sao_hom,1,3050,192.0,0.8044818496661554,-0.06461722304208788,-1,0.36982762143789494,0.3806193806193806,1.0,0.9098471249865672
huong,EURUSD,sao_hom,2,3050,192.0,1.8197053303889807,-0.09718002203136404,-1,0.17744862681791762,0.18181818181818182,1.0,0.7796399404791013
huong,EURUSD,ba_linh_trang,1,3050,339.0,0.8888246434306545,-0.052516788170273554,-1,0.3458707841939642,0.30569430569430567,1.0,0.869272907187599
huong,EURUSD,ba_linh_trang,2,3050,339.0,0.21133939394985055,0.025608020078690646,1,0.6457524292816375,0.6473526473526473,1.0,0.9496615853584067
huong,EURUSD,ba_qua_den,1,3050,325.0,1.464095764980823,0.06866216263820327,1,0.22637345665975483,0.23976023976023977,1.0,0.8301858569238248
huong,EURUSD,ba_qua_den,2,3050,325.0,0.20915903628784346,-0.02595405057728803,-1,0.6474599587453977,0.6463536463536463,1.0,0.9496615853584067
huong,EURUSD,gap,1,3050,,0.023659034629679915,3.131801037766972,1,0.8777658459199273,0.8601398601398601,1.0,0.9976667739605971
huong,EURUSD,gap,2,3050,,1.3176275540888112,-23.355597905571205,-1,0.2511084179358801,0.25774225774225773,1.0,0.8301858569238248
huong,EURUSD,abs_gap,1,3050,,0.3629902200473708,-12.682536888181778,-1,0.5468950637479799,0.5414585414585414,1.0,0.9280492235037688
huong,EURUSD,abs_gap,2,3050,,0.01798661877198881,-2.825740160907437,-1,0.8933211309185074,0.9150849150849151,1.0,0.9976667739605971
huong,GBPUSD,than,1,3050,,1.5350827155652016,-0.08860298535388614,-1,0.2154466818053603,0.19880119880119881,1.0,0.779989241527703
huong,GBPUSD,than,2,3050,,0.34786607236128525,-0.042210533613659944,-1,0.5553673337083318,0.5574425574425574,1.0,0.9313267377783506
huong,GBPUSD,bong_tren,1,3050,,0.5884866889310344,0.07134340463175379,1,0.44306435856960413,0.4325674325674326,1.0,0.9280492235037688
huong,GBPUSD,bong_tren,2,3050,,0.6077962757891561,0.07247342350657529,1,0.43567932866749837,0.42157842157842157,1.0,0.9280492235037688
huong,GBPUSD,bong_duoi,1,3050,,0.7153080512392636,0.07885003076596743,1,0.3977537118745218,0.3916083916083916,1.0,0.9250591927757282
huong,GBPUSD,bong_duoi,2,3050,,0.0001816261976252299,-0.001256716554121939,-1,0.9892482164783023,0.987012987012987,1.0,0.9976667739605971
huong,GBPUSD,vi_tri_dong,1,3050,,0.35418987576484123,0.0367825760899252,1,0.5517950812244885,0.5474525474525475,1.0,0.930514244961837
huong,GBPUSD,vi_tri_dong,2,3050,,1.2350083476598084,-0.06865919212159854,-1,0.26652294987576586,0.2787212787212787,1.0,0.832003817078444
huong,GBPUSD,huong,1,3050,,0.05057855025640061,0.004077372332692296,1,0.8220746795620706,0.8001998001998002,1.0,0.9763056416200433
huong,GBPUSD,huong,2,3050,,2.0237613429824197,-0.025784247652978792,-1,0.1549575405895418,0.16183816183816183,1.0,0.7796399404791013
huong,GBPUSD,lr_park,1,3050,,0.018017992017277523,0.004476357980793948,1,0.8932286910279403,0.9010989010989011,1.0,0.9976667739605971
huong,GBPUSD,lr_park,2,3050,,0.33142096226761125,-0.019207821438438848,-1,0.5648660965513809,0.5734265734265734,1.0,0.9313267377783506
huong,GBPUSD,lr_gk,1,3050,,0.8842564193224806,0.03606919032373032,1,0.34711308904220595,0.35364635364635366,1.0,0.8940639192740033
huong,GBPUSD,lr_gk,2,3050,,0.1534220139774718,-0.015035906674646621,-1,0.695313775889308,0.6873126873126874,1.0,0.9619844441273012
huong,GBPUSD,lr_rs,1,3050,,2.3913840305049714,0.051135818781529514,1,0.1221094525748051,0.11588411588411589,1.0,0.7094945870456074
huong,GBPUSD,lr_rs,2,3050,,0.0010315865949931352,-0.001063280846325572,-1,0.9743797965735791,0.985014985014985,1.0,0.9976667739605971
huong,GBPUSD,doji,1,3050,159.0,0.17453906472949524,-0.03406636610228534,-1,0.6761383528711519,0.6633366633366633,1.0,0.9504780933352363
huong,GBPUSD,doji,2,3050,159.0,0.14378388564352712,0.030919341141913984,1,0.7045743535171438,0.7022977022977023,1.0,0.9619844441273012
huong,GBPUSD,bua,1,3050,97.0,3.737742508686473,0.19956865882916458,1,0.05328883290305131,0.05094905094905095,1.0,0.527059147748803
huong,GBPUSD,bua,2,3050,97.0,0.7048560520497058,0.0867569429399885,1,0.40122267229118036,0.3996003996003996,1.0,0.9257152114294971
huong,GBPUSD,sao_bang,1,3050,99.0,0.22959689685959794,0.0490107782431685,1,0.6318572813736555,0.6323676323676324,1.0,0.9438322871158692
huong,GBPUSD,sao_bang,2,3050,99.0,0.0004673625922781923,-0.0022110165047932494,-1,0.9827536358347764,0.987012987012987,1.0,0.9976667739605971
huong,GBPUSD,marubozu,1,3050,74.0,3.4165748583604914,-0.21765236583510497,-1,0.06464166232467883,0.06393606393606394,1.0,0.5559657733570778
huong,GBPUSD,marubozu,2,3050,74.0,0.35275292045877943,-0.06999553183997886,-1,0.55260299450336,0.5874125874125874,1.0,0.9365634365634365
huong,GBPUSD,con_quay,1,3050,582.0,1.6284566103955425,0.05885862031100184,1,0.2020139480393981,0.1998001998001998,1.0,0.779989241527703
huong,GBPUSD,con_quay,2,3050,581.0,0.007007244189486823,-0.0038653524144273825,-1,0.9332930763597176,0.938061938061938,1.0,0.9976667739605971
huong,GBPUSD,nhan_chim_tang,1,3050,212.0,0.016815449557716564,0.009248736805237318,1,0.8968326007972289,0.8871128871128872,1.0,0.9976667739605971
huong,GBPUSD,nhan_chim_tang,2,3050,212.0,1.4054583019225317,-0.08450185507561282,-1,0.23590428218085702,0.24475524475524477,1.0,0.8301858569238248
huong,GBPUSD,nhan_chim_giam,1,3050,202.0,0.3047764697807299,0.040241663027079703,1,0.580943884303271,0.5694305694305695,1.0,0.9313267377783506
huong,GBPUSD,nhan_chim_giam,2,3050,202.0,0.011610464918742696,0.007853714963780251,1,0.914199621366016,0.9230769230769231,1.0,0.9976667739605971
huong,GBPUSD,harami_tang,1,3050,203.0,0.958760875017137,-0.071198509413042,-1,0.3275770325529491,0.34465534465534464,1.0,0.8939778170547402
huong,GBPUSD,harami_tang,2,3050,203.0,0.03758341763904895,-0.014098313509846626,-1,0.8462949619906343,0.8511488511488512,1.0,0.99744005994006
huong,GBPUSD,harami_giam,1,3050,218.0,3.7020445662279013,-0.1352958908857168,-1,0.05443890653554895,0.06393606393606394,1.0,0.5559657733570778
huong,GBPUSD,harami_giam,2,3050,218.0,0.11206243606982093,-0.023565345080876543,-1,0.7378312382708188,0.7602397602397603,1.0,0.9657009657009658
huong,GBPUSD,xuyen_tham,1,3050,62.0,0.07118478017459932,0.034264788183337155,1,0.789637549391708,0.7852147852147852,1.0,0.9674104129956285
huong,GBPUSD,xuyen_tham,2,3050,62.0,0.591595423193402,-0.09877353196904207,-1,0.4418624760054004,0.4405594405594406,1.0,0.9280492235037688
huong,GBPUSD,may_den,1,3050,59.0,1.8737075404138817,-0.18009780686323612,-1,0.17115198772640272,0.17782217782217782,1.0,0.7796399404791013
huong,GBPUSD,may_den,2,3050,59.0,0.29191858416999616,0.07112950523953646,1,0.5890331722732483,0.5764235764235764,1.0,0.9313267377783506
huong,GBPUSD,sao_mai,1,3050,189.0,0.42998244453187806,0.04930581205053347,1,0.5120470860249471,0.5144855144855145,1.0,0.9280492235037688
huong,GBPUSD,sao_mai,2,3050,189.0,0.005889843332530393,-0.005769536837082874,-1,0.9388311951693878,0.942057942057942,1.0,0.9976667739605971
huong,GBPUSD,sao_hom,1,3050,176.0,0.4283682149031255,-0.05086791491755316,-1,0.5128401429325317,0.5114885114885115,1.0,0.9280492235037688
huong,GBPUSD,sao_hom,2,3050,176.0,2.856683612201881,0.13131846922664708,1,0.09109724934656283,0.06793206793206794,1.0,0.5740738135104333
huong,GBPUSD,ba_linh_trang,1,3050,368.0,0.6426601584485834,-0.04461748480239881,-1,0.42281168634754573,0.42357642357642356,1.0,0.9280492235037688
huong,GBPUSD,ba_linh_trang,2,3050,368.0,1.4250265510838818,-0.06642074302605867,-1,0.23267078668081742,0.21678321678321677,1.0,0.7931093296946954
huong,GBPUSD,ba_qua_den,1,3050,401.0,4.209200964187282,0.1100167376449676,1,0.04029059940892743,0.04995004995004995,1.0,0.52578999947421
huong,GBPUSD,ba_qua_den,2,3050,401.0,0.001086101623850149,0.001768884295725151,1,0.9737117901110058,0.972027972027972,1.0,0.9976667739605971
huong,GBPUSD,gap,1,3050,,0.2578862473766074,10.916874030895858,1,0.6116128333252397,0.6123876123876124,1.0,0.9393138507062558
huong,GBPUSD,gap,2,3050,,0.4602325642285995,-14.580219352483583,-1,0.4975668383238643,0.5104895104895105,1.0,0.9280492235037688
huong,GBPUSD,abs_gap,1,3050,,1.8930433625191299,30.767554727898425,1,0.16896021304894016,0.15484515484515485,1.0,0.7796399404791013
huong,GBPUSD,abs_gap,2,3050,,0.1415927982165938,-8.44330850218166,-1,0.706728868818419,0.7152847152847153,1.0,0.9619844441273012
huong,USDCAD,than,1,3050,,0.034868408082989896,0.012431133379299068,1,0.8518841069028532,0.8671328671328671,1.0,0.9976667739605971
huong,USDCAD,than,2,3050,,0.3415857332495471,0.03889548586674924,1,0.5589586169469121,0.5534465534465535,1.0,0.9313267377783506
huong,USDCAD,bong_tren,1,3050,,0.5782186643983,0.06293882843152682,1,0.4470702498689515,0.4595404595404595,1.0,0.9280492235037688
huong,USDCAD,bong_tren,2,3050,,0.26968823412978876,-0.04297045882187581,-1,0.6035787147431029,0.5844155844155844,1.0,0.9365634365634365
huong,USDCAD,bong_duoi,1,3050,,1.0840783989885332,-0.09038195523611596,-1,0.29786961158369984,0.3026973026973027,1.0,0.8689874718582853
huong,USDCAD,bong_duoi,2,3050,,0.04734359178332623,-0.018894945189208714,-1,0.8277664026696023,0.8161838161838162,1.0,0.9813833461128051
huong,USDCAD,vi_tri_dong,1,3050,,5.386423996358893,-0.13124000565467656,-1,0.020359728642980746,0.02097902097902098,1.0,0.4060455673358899
huong,USDCAD,vi_tri_dong,2,3050,,0.036131342302299564,-0.010766309642065349,-1,0.8492571790476516,0.8461538461538461,1.0,0.99744005994006
huong,USDCAD,huong,1,3050,,2.753218394108531,-0.0281875623165188,-1,0.097161827123313,0.1018981018981019,1.0,0.6702974444909929
huong,USDCAD,huong,2,3050,,0.16465493398517791,-0.0068972992354980195,-1,0.6849349966220513,0.7002997002997003,1.0,0.9619844441273012
huong,USDCAD,lr_park,1,3050,,1.9475432654052445,0.043997799287761784,1,0.16295355562976566,0.17382617382617382,1.0,0.7796399404791013
huong,USDCAD,lr_park,2,3050,,0.13001353798783324,0.011378305921007166,1,0.7184430047624616,0.7242757242757243,1.0,0.9635597218745777
huong,USDCAD,lr_gk,1,3050,,3.302714732594016,0.06393549091696418,1,0.06926370052887165,0.06993006993006994,1.0,0.5827505827505828
huong,USDCAD,lr_gk,2,3050,,0.016839260097621832,-0.004568034912720934,-1,0.8967599934512307,0.8961038961038961,1.0,0.9976667739605971
huong,USDCAD,lr_rs,1,3050,,3.8657631346294274,0.05780873847295991,1,0.04937146277530424,0.05194805194805195,1.0,0.528285274047986
huong,USDCAD,lr_rs,2,3050,,0.15664013177579625,-0.011638203631146544,-1,0.6922966132801376,0.7052947052947053,1.0,0.9619844441273012
huong,USDCAD,doji,1,3050,144.0,2.1067527075982437,-0.11606446515663309,-1,0.14675320465414876,0.15184815184815184,1.0,0.7787084710161633
huong,USDCAD,doji,2,3050,144.0,0.7871917229374574,-0.07101148062351353,-1,0.37502068733573823,0.3726273726273726,1.0,0.9039347749025168
huong,USDCAD,bua,1,3050,96.0,1.1452333880342362,0.10395534308213887,1,0.28463398713765387,0.27472527472527475,1.0,0.832003817078444
huong,USDCAD,bua,2,3050,96.0,0.01602984574100592,-0.012302200493114396,-1,0.8992582083200868,0.906093906093906,1.0,0.9976667739605971
huong,USDCAD,sao_bang,1,3050,144.0,1.5638598670259092,0.10004400982775778,1,0.21119700971319588,0.2137862137862138,1.0,0.7931093296946954
huong,USDCAD,sao_bang,2,3050,144.0,0.9562203090799112,0.07821224935078686,1,0.3282186642400291,0.3046953046953047,1.0,0.869272907187599
huong,USDCAD,marubozu,1,3050,83.0,0.46949473180547996,-0.07144657508724744,-1,0.49327184577227945,0.4945054945054945,1.0,0.9280492235037688
huong,USDCAD,marubozu,2,3050,83.0,1.4627167282645912,0.12616590633952715,1,0.22659221529846507,0.21578421578421578,1.0,0.7931093296946954
huong,USDCAD,con_quay,1,3050,552.0,0.6355370679500462,-0.03512576141408535,-1,0.4253936616274917,0.4025974025974026,1.0,0.9280492235037688
huong,USDCAD,con_quay,2,3050,552.0,0.40793539482434277,-0.02814604634120557,-1,0.52306730170424,0.5164835164835165,1.0,0.9280492235037688
huong,USDCAD,nhan_chim_tang,1,3050,221.0,0.08729731182525317,0.019335367907466032,1,0.767661737694133,0.7662337662337663,1.0,0.9657009657009658
huong,USDCAD,nhan_chim_tang,2,3050,220.0,0.32246864945235637,-0.03725192301381051,-1,0.5701696939357794,0.5714285714285714,1.0,0.9313267377783506
huong,USDCAD,nhan_chim_giam,1,3050,221.0,0.4484208194776577,0.04383287468923337,1,0.5031365936310828,0.5244755244755245,1.0,0.9280492235037688
huong,USDCAD,nhan_chim_giam,2,3050,221.0,0.2914988745554288,-0.035333291311133344,-1,0.5893010811806639,0.6183816183816184,1.0,0.9393138507062558
huong,USDCAD,harami_tang,1,3050,228.0,0.7886860610255497,-0.057301566297898475,-1,0.3745678478293395,0.3696303696303696,1.0,0.9039347749025168
huong,USDCAD,harami_tang,2,3050,228.0,0.01724785179610224,-0.008474068705040808,-1,0.8955220820052552,0.8941058941058941,1.0,0.9976667739605971
huong,USDCAD,harami_giam,1,3050,232.0,0.0004556585439984736,0.0013662132346019468,1,0.982970920052955,0.9790209790209791,1.0,0.9976667739605971
huong,USDCAD,harami_giam,2,3050,232.0,0.41723465124252374,0.041338926361034506,1,0.5183687927925722,0.4945054945054945,1.0,0.9280492235037688
huong,USDCAD,xuyen_tham,1,3050,47.0,0.003855818821191324,0.008552607425674274,1,0.9504910617098274,0.9600399600399601,1.0,0.9976667739605971
huong,USDCAD,xuyen_tham,2,3050,47.0,0.03552742522816969,0.02595578076479243,1,0.8505073034982624,0.8341658341658341,1.0,0.995028828030816
huong,USDCAD,may_den,1,3050,46.0,0.5338950399822184,0.10168222769805987,1,0.46503008820434577,0.4725274725274725,1.0,0.9280492235037688
huong,USDCAD,may_den,2,3050,46.0,2.1501014141908374,-0.20401639346451866,-1,0.14266369769630471,0.14385614385614387,1.0,0.7676533992323465
huong,USDCAD,sao_mai,1,3050,206.0,0.0671057510058555,-0.01751498847926907,-1,0.7956158816019062,0.8021978021978022,1.0,0.9763056416200433
huong,USDCAD,sao_mai,2,3050,205.0,0.21301961864665808,0.03127098182679899,1,0.6444438400663879,0.6153846153846154,1.0,0.9393138507062558
huong,USDCAD,sao_hom,1,3050,189.0,0.5748388656766656,0.05336795109821296,1,0.4484011166492605,0.4565434565434565,1.0,0.9280492235037688
huong,USDCAD,sao_hom,2,3050,189.0,0.00010250905805737265,0.0007123865985392784,1,0.9919224786233891,0.99000999000999,1.0,0.9976667739605971
huong,USDCAD,ba_linh_trang,1,3050,355.0,2.081371711142204,-0.07646663802022273,-1,0.149208949039508,0.17582417582417584,1.0,0.7796399404791013
huong,USDCAD,ba_linh_trang,2,3050,355.0,0.0012981955606658165,-0.0019114082986495756,-1,0.9712604153431166,0.971028971028971,1.0,0.9976667739605971
huong,USDCAD,ba_qua_den,1,3050,319.0,0.08051418296797705,-0.015750667193798938,-1,0.7766210964351836,0.7812187812187812,1.0,0.9657009657009658
huong,USDCAD,ba_qua_den,2,3050,319.0,0.0008459803988350716,-0.0016136454122299573,-1,0.9767981125142622,0.973026973026973,1.0,0.9976667739605971
huong,USDCAD,gap,1,3050,,1.3024905532338618,-32.82925186893467,-1,0.2538485110866048,0.25774225774225773,1.0,0.8301858569238248
huong,USDCAD,gap,2,3050,,0.15201119650054012,11.214995196640936,1,0.6966480079174944,0.6653346653346653,1.0,0.9504780933352363
huong,USDCAD,abs_gap,1,3050,,0.4616512817648068,20.521819984927426,1,0.4969048811721184,0.5054945054945055,1.0,0.9280492235037688
huong,USDCAD,abs_gap,2,3050,,0.3667095261860148,18.4106308374661,1,0.5448484605082801,0.5444555444555444,1.0,0.9280492235037688
huong,USDCHF,than,1,3050,,0.27194441098266914,0.03834337871139222,1,0.6020683300740607,0.6113886113886113,1.0,0.9393138507062558
huong,USDCHF,than,2,3050,,1.2271155812476096,0.08144923557760934,1,0.26805618784169616,0.26973026973026976,1.0,0.832003817078444
huong,USDCHF,bong_tren,1,3050,,0.08771444834978646,-0.027933107047711757,-1,0.7671233108272154,0.7722277722277723,1.0,0.9657009657009658
huong,USDCHF,bong_tren,2,3050,,4.252760274376901,-0.19427067807339593,-1,0.03927121199067429,0.04295704295704296,1.0,0.5053769759652113
huong,USDCHF,bong_duoi,1,3050,,0.14561003248189502,-0.036846239859641784,-1,0.7027929894571144,0.7082917082917083,1.0,0.9619844441273012
huong,USDCHF,bong_duoi,2,3050,,0.431064971454465,0.06337892628862368,1,0.5115164416215137,0.5144855144855145,1.0,0.9280492235037688
huong,USDCHF,vi_tri_dong,1,3050,,0.15967210089253342,0.025804444045787137,1,0.689486601070608,0.6723276723276723,1.0,0.951989187283305
huong,USDCHF,vi_tri_dong,2,3050,,1.7521724942185637,0.08544771315984297,1,0.18570318652021867,0.1938061938061938,1.0,0.779989241527703
huong,USDCHF,huong,1,3050,,0.003081545672134465,0.0010416438488171614,1,0.9557344724707553,0.954045954045954,1.0,0.9976667739605971
huong,USDCHF,huong,2,3050,,0.7658982102417957,0.016418988758393326,1,0.38155797372009004,0.3966033966033966,1.0,0.9257152114294971
huong,USDCHF,lr_park,1,3050,,0.4191282962064206,-0.02205235152225434,-1,0.5174211156062625,0.5254745254745254,1.0,0.9280492235037688
huong,USDCHF,lr_park,2,3050,,0.32964511413067377,0.01954015157921516,1,0.5659105264463303,0.5444555444555444,1.0,0.9280492235037688
huong,USDCHF,lr_gk,1,3050,,1.3165741269121596,-0.04433853987490799,-1,0.25129792812966445,0.25774225774225773,1.0,0.8301858569238248
huong,USDCHF,lr_gk,2,3050,,0.11378615011540374,-0.013022243311449827,-1,0.735897398128867,0.7422577422577422,1.0,0.9657009657009658
huong,USDCHF,lr_rs,1,3050,,0.895770535021993,-0.03164972415017626,-1,0.34399339676674356,0.34465534465534464,1.0,0.8939778170547402
huong,USDCHF,lr_rs,2,3050,,0.6149812574530104,-0.02620889421807201,-1,0.4329793981536866,0.43656343656343655,1.0,0.9280492235037688
huong,USDCHF,doji,1,3050,152.0,2.0525269615432005,0.1233296375646591,1,0.15205641731628416,0.14585414585414586,1.0,0.7676533992323465
huong,USDCHF,doji,2,3050,152.0,0.10202200547241144,0.02751084599202972,1,0.7494384137228176,0.7612387612387612,1.0,0.9657009657009658
huong,USDCHF,bua,1,3050,90.0,1.7048384568038168,0.14457842323289527,1,0.19175503024481966,0.17182817182817184,1.0,0.7796399404791013
huong,USDCHF,bua,2,3050,90.0,2.9123289507730346,0.18892037041174928,1,0.08800677961060799,0.09090909090909091,1.0,0.6412192458704087
huong,USDCHF,sao_bang,1,3050,117.0,0.43144938691959633,0.06408985689183633,1,0.5113282342202338,0.4965034965034965,1.0,0.9280492235037688
huong,USDCHF,sao_bang,2,3050,117.0,0.098238810844785,-0.030574263509567646,-1,0.7539749148678404,0.7372627372627373,1.0,0.9657009657009658
huong,USDCHF,marubozu,1,3050,66.0,0.11353354679883221,0.04339565504783867,1,0.7361797700060424,0.6963036963036963,1.0,0.9619844441273012
huong,USDCHF,marubozu,2,3050,66.0,0.005274463946662397,0.00935042017411708,1,0.9421088986870407,0.919080919080919,1.0,0.9976667739605971
huong,USDCHF,con_quay,1,3050,566.0,1.5591962447854764,-0.06019105961130912,-1,0.21187890442118806,0.2017982017982018,1.0,0.779989241527703
huong,USDCHF,con_quay,2,3050,565.0,0.26722706929061046,-0.02493292377827618,-1,0.6052355037149342,0.6233766233766234,1.0,0.9397637538341055
huong,USDCHF,nhan_chim_tang,1,3050,203.0,0.38296057480863016,-0.046516771157821823,-1,0.5360693060110173,0.5344655344655345,1.0,0.9280492235037688
huong,USDCHF,nhan_chim_tang,2,3050,203.0,0.23161058597280618,0.036172354060614025,1,0.6303667354151866,0.5984015984015985,1.0,0.9365634365634365
huong,USDCHF,nhan_chim_giam,1,3050,234.0,0.09061223218015275,0.021189852007463476,1,0.763420812922071,0.7602397602397603,1.0,0.9657009657009658
huong,USDCHF,nhan_chim_giam,2,3050,234.0,0.0024526451057048965,-0.003485862728158207,-1,0.9605048093356091,0.9500499500499501,1.0,0.9976667739605971
huong,USDCHF,harami_tang,1,3050,230.0,0.341491761451752,0.0414580627120543,1,0.5590126883428351,0.5414585414585414,1.0,0.9280492235037688
huong,USDCHF,harami_tang,2,3050,229.0,0.0002958358492919554,-0.0012229485327116855,-1,0.9862782849248334,0.99000999000999,1.0,0.9976667739605971
huong,USDCHF,harami_giam,1,3050,230.0,0.0022719462269357505,-0.0033829766401108135,-1,0.9619864032903471,0.9630369630369631,1.0,0.9976667739605971
huong,USDCHF,harami_giam,2,3050,230.0,0.12661462627990566,-0.02525275792752311,-1,0.7219929031743102,0.7162837162837162,1.0,0.9619844441273012
huong,USDCHF,xuyen_tham,1,3050,61.0,0.3984052656147657,0.08445408175099306,1,0.5279613549518081,0.4745254745254745,1.0,0.9280492235037688
huong,USDCHF,xuyen_tham,2,3050,61.0,0.43755673601997824,-0.08851115918846557,-1,0.5083541107936507,0.47652347652347654,1.0,0.9280492235037688
huong,USDCHF,may_den,1,3050,56.0,0.10638339978427425,-0.045519220157788406,-1,0.7443221675895173,0.7102897102897103,1.0,0.9619844441273012
huong,USDCHF,may_den,2,3050,56.0,0.3443188780156803,-0.08187416454274309,-1,0.5573903142697133,0.5314685314685315,1.0,0.9280492235037688
huong,USDCHF,sao_mai,1,3050,187.0,1.5049027352656466,-0.09576812982811207,-1,0.22001334811212458,0.20679320679320679,1.0,0.7890843333881309
huong,USDCHF,sao_mai,2,3050,187.0,0.6312656722180999,-0.06205001898829168,-1,0.4269533343629224,0.4155844155844156,1.0,0.9280492235037688
huong,USDCHF,sao_hom,1,3050,207.0,0.3599927475164953,0.0446869374270394,1,0.5485548945010615,0.5244755244755245,1.0,0.9280492235037688
huong,USDCHF,sao_hom,2,3050,207.0,0.027491725464694344,0.01234964686533268,1,0.8683204005164115,0.8651348651348651,1.0,0.9976667739605971
huong,USDCHF,ba_linh_trang,1,3050,389.0,0.11745490750478532,0.01924735874445066,1,0.7318350580757997,0.7242757242757243,1.0,0.9635597218745777
huong,USDCHF,ba_linh_trang,2,3050,389.0,0.5624243546845308,0.04211547344867466,1,0.4533429985689119,0.4515484515484515,1.0,0.9280492235037688
huong,USDCHF,ba_qua_den,1,3050,293.0,0.007814995689445837,0.005620161413069204,1,0.9295626141555967,0.9230769230769231,1.0,0.9976667739605971
huong,USDCHF,ba_qua_den,2,3050,293.0,0.8897365074544528,0.05995897549907548,1,0.3456235291847264,0.31868131868131866,1.0,0.8893432149246101
huong,USDCHF,gap,1,3050,,0.6681243806343439,-22.463905642184585,-1,0.4137702271432945,0.3546453546453546,1.0,0.8940639192740033
huong,USDCHF,gap,2,3050,,0.1966416184546363,12.179501327507543,1,0.6574768953555798,0.6513486513486514,1.0,0.9504780933352363
huong,USDCHF,abs_gap,1,3050,,0.4940840188353308,20.388417508326295,1,0.48216486804082836,0.43756243756243757,1.0,0.9280492235037688
huong,USDCHF,abs_gap,2,3050,,0.01833692739472444,-3.9303519282973496,-1,0.8922935733197662,0.8871128871128872,1.0,0.9976667739605971
huong,USDJPY,than,1,3050,,0.0017133157713938275,-0.0030289867166494893,-1,0.9669859288655757,0.972027972027972,1.0,0.9976667739605971
huong,USDJPY,than,2,3050,,0.0075887075795840605,-0.006381165347768452,-1,0.9305872684773833,0.9330669330669331,1.0,0.9976667739605971
huong,USDJPY,bong_tren,1,3050,,0.06657926273665028,-0.025692455225142213,-1,0.7964015121544837,0.8111888111888111,1.0,0.9785395327564003
huong,USDJPY,bong_tren,2,3050,,0.39475105510443786,-0.0624811518575445,-1,0.5298596625512935,0.5244755244755245,1.0,0.9280492235037688
huong,USDJPY,bong_duoi,1,3050,,0.08741602186206048,0.027688997114857845,1,0.7675083683200131,0.7552447552447552,1.0,0.9657009657009658
huong,USDJPY,bong_duoi,2,3050,,0.4936516185128407,0.0657540020658077,1,0.4823565964793607,0.4565434565434565,1.0,0.9280492235037688
huong,USDJPY,vi_tri_dong,1,3050,,2.6859254167015836,0.10486290418104185,1,0.10134166929544308,0.10789210789210789,1.0,0.688673029098561
huong,USDJPY,vi_tri_dong,2,3050,,0.3788066961176189,-0.039412943353181705,-1,0.5382885464871645,0.5304695304695305,1.0,0.9280492235037688
huong,USDJPY,huong,1,3050,,0.7264558367004889,0.015958482847892017,1,0.3941014162091948,0.41058941058941056,1.0,0.9280492235037688
huong,USDJPY,huong,2,3050,,0.5604235431078396,-0.014010781833786876,-1,0.4541474409685261,0.4155844155844156,1.0,0.9280492235037688
huong,USDJPY,lr_park,1,3050,,0.8994455242908381,-0.03358375610665654,-1,0.3430056646338564,0.34565434565434566,1.0,0.8939778170547402
huong,USDJPY,lr_park,2,3050,,0.793722943640022,-0.031616228484221374,-1,0.3730471221873922,0.36063936063936064,1.0,0.9015984015984017
huong,USDJPY,lr_gk,1,3050,,1.5481312918368209,-0.04997748096929536,-1,0.21350725873589094,0.20279720279720279,1.0,0.779989241527703
huong,USDJPY,lr_gk,2,3050,,1.2173730381181456,-0.04437215383212633,-1,0.26996397042763054,0.25274725274725274,1.0,0.8301858569238248
huong,USDJPY,lr_rs,1,3050,,1.7247566877267748,-0.04326292833282967,-1,0.18918082320148077,0.1878121878121878,1.0,0.779989241527703
huong,USDJPY,lr_rs,2,3050,,1.2502692993287332,-0.03684320647640745,-1,0.26358922596311674,0.2547452547452547,1.0,0.8301858569238248
huong,USDJPY,doji,1,3050,135.0,0.18556175371081496,0.03907443593627108,1,0.6666669713522325,0.6633366633366633,1.0,0.9504780933352363
huong,USDJPY,doji,2,3050,135.0,0.31341209986885776,0.05078057497718077,1,0.5756350584396674,0.5604395604395604,1.0,0.9313267377783506
huong,USDJPY,bua,1,3050,106.0,0.40171610811436487,0.06464507176168355,1,0.526251905184766,0.5304695304695305,1.0,0.9280492235037688
huong,USDJPY,bua,2,3050,106.0,1.1379628446897165,-0.10864460088185995,-1,0.28616774240919984,0.2787212787212787,1.0,0.832003817078444
huong,USDJPY,sao_bang,1,3050,84.0,0.4879765852956365,0.07966089581194119,1,0.48488462248860686,0.5084915084915085,1.0,0.9280492235037688
huong,USDJPY,sao_bang,2,3050,84.0,0.010286181049663822,-0.011565884186591024,-1,0.91922309158164,0.9210789210789211,1.0,0.9976667739605971
huong,USDJPY,marubozu,1,3050,96.0,1.518887796405475,0.13171276529010548,1,0.21788299809855882,0.19880119880119881,1.0,0.779989241527703
huong,USDJPY,marubozu,2,3050,96.0,0.33609437905668876,0.06196626159458833,1,0.5621352186645099,0.5744255744255744,1.0,0.9313267377783506
huong,USDJPY,con_quay,1,3050,519.0,0.27002854243164254,-0.025834367204778313,-1,0.6033503845289899,0.6053946053946054,1.0,0.9393138507062558
huong,USDJPY,con_quay,2,3050,520.0,0.3023329230203781,-0.02731708681840435,-1,0.5824638831625861,0.5774225774225774,1.0,0.9313267377783506
huong,USDJPY,nhan_chim_tang,1,3050,216.0,3.351197506780182,0.13310046067278924,1,0.06725379288037248,0.060939060939060936,1.0,0.5546692113856293
huong,USDJPY,nhan_chim_tang,2,3050,216.0,0.005008966576319644,0.005150504257036744,1,0.9435822288436151,0.954045954045954,1.0,0.9976667739605971
huong,USDJPY,nhan_chim_giam,1,3050,218.0,0.07442459605860621,-0.01975684500515807,-1,0.7850187513472255,0.7902097902097902,1.0,0.9695825646745893
huong,USDJPY,nhan_chim_giam,2,3050,218.0,1.109819983967371,-0.0762746781155205,-1,0.29220464187800077,0.2917082917082917,1.0,0.8537803659754879
huong,USDJPY,harami_tang,1,3050,209.0,0.15940765645585978,0.029488230070825208,1,0.689730449609912,0.6643356643356644,1.0,0.9504780933352363
huong,USDJPY,harami_tang,2,3050,209.0,1.1998462601092301,-0.08086965057623352,-1,0.27343900941803234,0.27372627372627373,1.0,0.832003817078444
huong,USDJPY,harami_giam,1,3050,235.0,3.4489461193417785,-0.12986420851107414,-1,0.06338857408216192,0.060939060939060936,1.0,0.5546692113856293
huong,USDJPY,harami_giam,2,3050,235.0,0.0006406192518618277,-0.001771904881557602,-1,0.9798089907854455,0.981018981018981,1.0,0.9976667739605971
huong,USDJPY,xuyen_tham,1,3050,70.0,0.16553068311173352,-0.05069283904621011,-1,0.6841433520504763,0.6843156843156843,1.0,0.9615677062983855
huong,USDJPY,xuyen_tham,2,3050,70.0,0.6667383177183058,-0.10171640808995543,-1,0.41425494786090555,0.3986013986013986,1.0,0.9257152114294971
huong,USDJPY,may_den,1,3050,56.0,1.7591911998521421,-0.1842644530914186,-1,0.18482486713326607,0.17882117882117882,1.0,0.7796399404791013
huong,USDJPY,may_den,2,3050,55.0,0.6899130815307457,-0.11647535134852909,-1,0.4062590445425851,0.39760239760239763,1.0,0.9257152114294971
huong,USDJPY,sao_mai,1,3050,175.0,0.10374906958534798,-0.025839410235331192,-1,0.7473982663140022,0.7502497502497503,1.0,0.9657009657009658
huong,USDJPY,sao_mai,2,3050,175.0,3.589884978656541,-0.15191196471856974,-1,0.05822688907302531,0.07692307692307693,1.0,0.5994005994005994
huong,USDJPY,sao_hom,1,3050,172.0,0.0006315888129043711,-0.0020343645150236256,-1,0.9799517761750905,0.9790209790209791,1.0,0.9976667739605971
huong,USDJPY,sao_hom,2,3050,172.0,0.5217555639879912,0.05844444555707206,1,0.4701492178538076,0.4775224775224775,1.0,0.9280492235037688
huong,USDJPY,ba_linh_trang,1,3050,388.0,0.23712975274807932,0.0273297923220351,1,0.6263219263333268,0.6323676323676324,1.0,0.9438322871158692
huong,USDJPY,ba_linh_trang,2,3050,388.0,1.489270013008335,0.06842540607954552,1,0.22242422289397135,0.22677322677322678,1.0,0.8147541081672819
huong,USDJPY,ba_qua_den,1,3050,267.0,0.06908339643098793,0.01737313179852055,1,0.7926938336044769,0.7752247752247752,1.0,0.9657009657009658
huong,USDJPY,ba_qua_den,2,3050,267.0,2.5784397626116067,0.10606159584288567,1,0.10843205000657996,0.11388611388611389,1.0,0.7094945870456074
huong,USDJPY,gap,1,3050,,0.34254188478706205,-11.886552080291032,-1,0.558409013695345,0.5624375624375625,1.0,0.9313267377783506
huong,USDJPY,gap,2,3050,,4.064447032233759e-05,-0.1294605219562932,-1,0.9949136972373008,0.994005994005994,1.0,0.9976667739605971
huong,USDJPY,abs_gap,1,3050,,0.5268396730205749,15.481459931913726,1,0.46799432929141116,0.45554445554445555,1.0,0.9280492235037688
huong,USDJPY,abs_gap,2,3050,,0.08729158967497594,6.301520171729898,1,0.7676691333834966,0.7822177822177823,1.0,0.9657009657009658
