W,mau,dich,n,lift,z,p_tho,p_wy,p_wy_xoay,p_wy_k5,q_fdr
2,HIGH → HIGH,HIGH,5080,2.3595521559600523,69.49257734302357,0.0,0.0,0.0,0.0,0.0
3,HIGH → HIGH → HIGH,HIGH,4071,2.477762081138396,67.5908701174289,0.0,0.0,0.0,0.0,0.0
4,HIGH → HIGH → HIGH → HIGH,HIGH,3424,2.566198127139564,65.67025124200389,0.0,0.0,0.0,0.0,0.0
2,LOW → LOW,LOW,4682,2.354547665636249,63.49298758627118,0.0,0.0,0.0,0.0,0.0
3,LOW → LOW → LOW,LOW,3520,2.4818147218158098,60.23787882884991,0.0,0.0,0.0,0.0,0.0
4,LOW → LOW → LOW → LOW,LOW,2791,2.604478852908957,58.0907593156404,0.0,0.0,0.0,0.0,0.0
2,HIGH → HIGH,LOW,5080,0.05546917009449504,-46.11728801083498,0.0,0.0,0.0,0.0,0.0
3,HIGH → HIGH → HIGH,LOW,4071,0.0330612703247244,-42.2721114147629,0.0,0.0,0.0,0.0,0.0
2,LOW → LOW,HIGH,4682,0.14841328742550333,-41.78835458948224,0.0,0.0,0.0,0.0,0.0
4,HIGH → HIGH → HIGH → HIGH,LOW,3424,0.028330836649823367,-38.96533692601463,0.0,0.0,0.0,0.0,0.0
3,LOW → LOW → LOW,HIGH,3520,0.11716889142516872,-37.54757793748349,0.0,0.0,0.0,0.0,0.0
4,LOW → LOW → LOW → LOW,HIGH,2791,0.08871180446847385,-34.49774934807626,0.0,0.0,0.0,0.0,0.0
4,HIGH → HIGH → HIGH → HIGH,MEDIUM,3424,0.3526958485278121,-27.2563779977732,0.0,0.0,0.0,0.0,0.0
3,HIGH → HIGH → HIGH,MEDIUM,4071,0.43500419502759874,-25.935644050408513,0.0,0.0,0.0,0.0,0.0
2,MEDIUM → MEDIUM,MEDIUM,3698,1.5663127735795022,24.77134009087383,0.0,0.0,0.0,0.0,0.0
2,HIGH → HIGH,MEDIUM,5080,0.5305546138866283,-24.067258468246234,0.0,0.0,0.0,0.0,0.0
2,MEDIUM → LOW,HIGH,1849,0.24682376827043945,-23.226071144082198,0.0,0.0,0.0,0.0,0.0
4,LOW → LOW → LOW → LOW,MEDIUM,2791,0.40328147754566845,-22.685184207210778,0.0,0.0,0.0,0.0,0.0
3,MEDIUM → LOW → LOW,LOW,1014,2.0002728225032236,21.8243782620593,0.0,0.0,0.0,0.008,0.0
3,LOW → LOW → LOW,MEDIUM,3520,0.49060304594224186,-21.743474239682357,0.0,0.0,0.0,0.009,0.0
2,MEDIUM → LOW,LOW,1849,1.7187076187803336,21.170761039715256,0.0,0.0,0.0,0.05,0.0
2,MEDIUM → HIGH,LOW,1810,0.27503718888106526,-21.12860296466408,0.0,0.0,0.0,0.05,0.0
2,LOW → LOW,MEDIUM,4682,0.5794135135309182,-20.70049402572259,0.0,0.0,0.0,0.115,0.0
3,MEDIUM → HIGH → HIGH,HIGH,895,1.9354468053963063,20.061508281743585,0.0,0.0,0.0,0.295,0.0
4,LOW → MEDIUM → LOW → LOW,LOW,480,2.294736842105263,19.439955318957786,0.0,0.0,0.0,0.295,0.0
2,LOW → MEDIUM,HIGH,1762,0.3576021001495995,-19.338276012066277,0.0,0.0,0.0,0.295,0.0
3,LOW → MEDIUM → LOW,LOW,759,1.9794824008376217,18.489363410875853,0.0,0.0,0.0,0.295,0.0
3,MEDIUM → HIGH → HIGH,LOW,895,0.11540990617732753,-18.132514058488916,0.0,0.0,0.0,0.295,0.0
4,MEDIUM → LOW → LOW → LOW,LOW,647,2.0313112414308216,17.97773728099035,0.0,0.0,0.0,0.295,0.0
3,MEDIUM → MEDIUM → MEDIUM,MEDIUM,1973,1.5618281266746603,17.954291944814695,0.0,0.0,0.0,0.295,0.0
4,MEDIUM → HIGH → HIGH → HIGH,HIGH,588,2.0302039143983186,17.900574039822192,0.0,0.0,0.0,0.295,0.0
4,HIGH → MEDIUM → HIGH → HIGH,HIGH,424,2.2106664845670583,17.863335196327807,0.0,0.0,0.0,0.295,0.0
3,MEDIUM → LOW → LOW,HIGH,1014,0.22370707475259036,-17.72056534884566,0.0,0.0,0.0,0.295,0.0
2,HIGH → MEDIUM,LOW,1900,0.40866829971841306,-17.657276906150194,0.0,0.0,0.0,0.295,0.0
3,HIGH → HIGH → MEDIUM,LOW,919,0.19754437397912988,-16.667989398542854,0.0,0.001,0.0,0.341,0.0
3,LOW → LOW → MEDIUM,HIGH,925,0.23567685589519652,-16.664060911012115,0.0,0.001,0.0,0.344,0.0
4,LOW → LOW → MEDIUM → LOW,LOW,482,2.1034366376144056,16.602139415671644,0.0,0.002,0.0,0.364,0.0
3,MEDIUM → MEDIUM → LOW,HIGH,842,0.23441730025205115,-15.925061721782816,0.0,0.005,0.0,0.62,0.0
4,MEDIUM → HIGH → HIGH → HIGH,LOW,588,0.04257396738599746,-15.910617400386796,0.0,0.005,0.0,0.624,0.0
4,HIGH → HIGH → MEDIUM → HIGH,HIGH,446,2.0289226031751473,15.570596007183749,0.0,0.026,0.0,0.735,0.0
3,LOW → MEDIUM → LOW,HIGH,759,0.22511952638210467,-15.30342264667433,0.0,0.048,0.0,0.826,0.0
4,HIGH → HIGH → HIGH → MEDIUM,LOW,604,0.09325390538356729,-15.272048711685,0.0,0.053,0.0,0.833,0.0
3,HIGH → MEDIUM → HIGH,LOW,716,0.174863494208072,-15.128182201002499,0.0,0.072,0.0,0.866,0.0
4,LOW → LOW → LOW → MEDIUM,LOW,589,1.8966377202459768,14.913095191704231,0.0,0.105,0.0,0.919,0.0
4,MEDIUM → MEDIUM → MEDIUM → MEDIUM,MEDIUM,1051,1.6370889342694133,14.862582999718983,0.0,0.113,0.0,0.926,0.0
3,HIGH → MEDIUM → HIGH,HIGH,716,1.7445353858163986,14.281532817683528,0.0,0.252,0.0,0.982,0.0
4,LOW → LOW → LOW → MEDIUM,HIGH,589,0.19016485888748888,-14.083460013843428,0.0,0.329,0.0,0.993,0.0
2,HIGH → MEDIUM,MEDIUM,1900,1.444776085262729,13.945301859560042,0.0,0.385,0.0,0.995,0.0
2,MEDIUM → HIGH,HIGH,1810,1.4559171165253184,13.910280088066205,0.0,0.399,0.0,0.995,0.0
4,MEDIUM → LOW → LOW → LOW,HIGH,647,0.23689779947962292,-13.908809078725726,0.0,0.399,0.0,0.995,0.0
3,MEDIUM → MEDIUM → HIGH,LOW,880,0.32011941951045914,-13.81905693831667,0.0,0.399,0.0,0.995,0.0
4,HIGH → MEDIUM → HIGH → HIGH,LOW,424,0.022140471246727453,-13.799156431193648,0.0,0.399,0.0,0.995,0.0
3,HIGH → MEDIUM → MEDIUM,MEDIUM,936,1.606938016485755,13.35929463279501,0.0,0.399,0.0,0.995,0.0
4,LOW → MEDIUM → LOW → LOW,HIGH,480,0.15351850587271237,-13.289027072061865,0.0,0.399,0.0,0.995,0.0
4,HIGH → HIGH → MEDIUM → HIGH,LOW,446,0.0912094749715708,-13.152985986118509,0.0,0.399,0.0,0.995,0.0
3,LOW → LOW → MEDIUM,LOW,925,1.6310132490036797,13.149637417915546,0.0,0.399,0.0,0.995,0.0
2,MEDIUM → MEDIUM,HIGH,3698,0.7014572253105069,-13.019691936136955,0.0,0.399,0.0,0.995,0.0
4,LOW → LOW → MEDIUM → LOW,HIGH,482,0.19568831951907567,-12.653276382991553,0.0,0.48,0.0,0.995,0.0
3,HIGH → MEDIUM → MEDIUM,LOW,936,0.4046333783175889,-12.480352184714924,0.0,0.562,0.0,0.995,0.0
4,HIGH → HIGH → HIGH → MEDIUM,HIGH,604,1.6933802872952963,12.210826468087605,0.0,0.705,0.0,0.995,0.0
2,MEDIUM → MEDIUM,LOW,3698,0.7128826674941088,-11.960755971327188,0.0,0.821,0.0,0.999,0.0
3,MEDIUM → HIGH → MEDIUM,MEDIUM,755,1.5844218407232153,11.553170331843177,0.0,0.939,0.0,1.0,0.0
3,MEDIUM → MEDIUM → LOW,LOW,842,1.5798979004606983,11.529540939245912,0.0,0.941,0.0,1.0,0.0
4,HIGH → HIGH → MEDIUM → MEDIUM,LOW,415,0.19604542572202685,-11.22402683842176,0.0,0.985,0.0,1.0,0.0
4,MEDIUM → MEDIUM → MEDIUM → LOW,HIGH,468,0.2771205849599731,-11.205826238436048,0.0,0.987,0.0,1.0,0.0
4,MEDIUM → MEDIUM → HIGH → HIGH,LOW,392,0.17561761546723953,-11.185743961871525,0.0,0.989,0.0,1.0,0.0
3,LOW → MEDIUM → MEDIUM,HIGH,789,0.46672381157952414,-10.738006472232641,0.0,0.998,0.0,1.0,0.0
3,LOW → MEDIUM → MEDIUM,MEDIUM,789,1.5272932331991889,10.655944805898754,0.0,0.998,0.0,1.0,0.0
4,MEDIUM → MEDIUM → LOW → LOW,HIGH,425,0.28435239487764513,-10.571796308929295,0.0,0.998,0.0,1.0,0.0
4,MEDIUM → MEDIUM → HIGH → HIGH,HIGH,392,1.744471511631148,10.562001296735701,0.0,0.999,0.0,1.0,0.0
4,MEDIUM → MEDIUM → LOW → LOW,LOW,425,1.7449817056009005,10.525269155567589,0.0,0.999,0.0,1.0,0.0
3,MEDIUM → LOW → MEDIUM,HIGH,679,0.4382062305856931,-10.49408972341198,0.0,1.0,0.0,1.0,0.0
4,MEDIUM → HIGH → MEDIUM → MEDIUM,MEDIUM,408,1.7098329485264159,10.317610027930542,0.0,1.0,0.0,1.0,0.0
3,MEDIUM → MEDIUM → MEDIUM,HIGH,1973,0.6778845196174557,-10.256710724631057,0.0,1.0,0.0,1.0,0.0
2,LOW → MEDIUM,LOW,1762,1.3486794584231705,10.026401247635095,0.0,1.0,0.0,1.0,0.0
4,LOW → MEDIUM → MEDIUM → LOW,HIGH,253,0.12815457881548162,-9.936989962635984,0.0,1.0,0.0,1.0,0.0
4,HIGH → MEDIUM → MEDIUM → HIGH,LOW,302,0.17614626572451597,-9.811755639248576,0.0,1.0,0.0,1.0,0.0
4,LOW → MEDIUM → MEDIUM → LOW,LOW,253,1.8799856270212,9.592437471975545,0.0,1.0,0.0,1.0,0.0
4,MEDIUM → MEDIUM → MEDIUM → HIGH,LOW,453,0.34538483475395293,-9.548349359844874,0.0,1.0,0.0,1.0,0.0
2,LOW → MEDIUM,MEDIUM,1762,1.3132560060788034,9.458277448967058,0.0,1.0,0.0,1.0,0.0
3,HIGH → HIGH → MEDIUM,HIGH,919,1.4297045392989343,9.33814610763944,0.0,1.0,0.0,1.0,0.0
4,MEDIUM → LOW → LOW → MEDIUM,HIGH,289,0.2549788332833977,-9.075543286192579,0.0,1.0,0.0,1.0,0.0
3,MEDIUM → HIGH → MEDIUM,LOW,755,0.5182212825040545,-9.07038080604068,0.0,1.0,0.0,1.0,0.0
4,LOW → LOW → MEDIUM → MEDIUM,HIGH,369,0.3514700101931366,-8.926852243906362,0.0,1.0,0.0,1.0,0.0
4,MEDIUM → MEDIUM → HIGH → MEDIUM,MEDIUM,398,1.6202293553875584,8.904032297983747,0.0,1.0,0.0,1.0,0.0
4,LOW → MEDIUM → MEDIUM → MEDIUM,HIGH,411,0.40878504337493043,-8.588581136783155,0.0,1.0,0.0,1.0,0.0
4,MEDIUM → LOW → MEDIUM → LOW,HIGH,246,0.2516205754791774,-8.410939165631504,0.0,1.0,0.0,1.0,0.0
4,MEDIUM → MEDIUM → MEDIUM → MEDIUM,HIGH,1051,0.6422361242827229,-8.31099352987115,0.0,1.0,0.0,1.0,0.0
4,HIGH → MEDIUM → MEDIUM → MEDIUM,MEDIUM,511,1.5085917767820431,8.273183500605809,2.220446049250313e-16,1.0,0.0,1.0,8.198570028001156e-16
4,HIGH → HIGH → MEDIUM → MEDIUM,MEDIUM,415,1.5609215075704148,8.222786498004112,2.220446049250313e-16,1.0,0.0,1.0,8.198570028001156e-16
4,MEDIUM → HIGH → HIGH → MEDIUM,MEDIUM,274,1.6902206832148514,8.221595840462248,2.220446049250313e-16,1.0,0.0,1.0,8.198570028001156e-16
3,MEDIUM → LOW → MEDIUM,MEDIUM,679,1.433593153843892,8.128652656187823,4.440892098500626e-16,1.0,0.0,1.0,1.6044513388131294e-15
4,MEDIUM → LOW → MEDIUM → LOW,LOW,246,1.755397362586066,8.119628425676314,4.440892098500626e-16,1.0,0.0,1.0,1.6044513388131294e-15
4,HIGH → MEDIUM → MEDIUM → MEDIUM,LOW,511,0.48989222745531324,-7.902518634276234,2.6645352591003757e-15,1.0,0.0,1.0,9.52429624529496e-15
4,HIGH → MEDIUM → MEDIUM → HIGH,HIGH,302,1.629939527252533,7.844358459517492,4.440892098500626e-15,1.0,0.001,1.0,1.570673415890748e-14
3,MEDIUM → MEDIUM → MEDIUM,LOW,1973,0.7424563931474206,-7.838243479876188,4.6629367034256575e-15,1.0,0.001,1.0,1.63202784619898e-14
4,MEDIUM → HIGH → MEDIUM → HIGH,LOW,222,0.23962239751713435,-7.764239808914133,8.215650382226158e-15,1.0,0.001,1.0,2.8458335344618445e-14
4,LOW → MEDIUM → LOW → MEDIUM,HIGH,221,0.28008444148360917,-7.668895074563368,1.7319479184152442e-14,1.0,0.001,1.0,5.938107148852266e-14
4,HIGH → MEDIUM → HIGH → MEDIUM,MEDIUM,251,1.669933602544866,7.637680650909099,2.220446049250313e-14,1.0,0.001,1.0,7.536059318667729e-14
4,MEDIUM → HIGH → HIGH → MEDIUM,LOW,274,0.33119128278559706,-7.587004541224783,3.26405569239796e-14,1.0,0.001,1.0,1.0967227126457147e-13
4,MEDIUM → MEDIUM → LOW → MEDIUM,MEDIUM,350,1.557692710657535,7.507958499395151,5.995204332975845e-14,1.0,0.001,1.0,1.9944442137424595e-13
4,HIGH → MEDIUM → HIGH → MEDIUM,LOW,251,0.31167197239749134,-7.473524317710718,7.815970093361102e-14,1.0,0.001,1.0,2.5746725013424806e-13
4,MEDIUM → MEDIUM → LOW → MEDIUM,HIGH,350,0.4463440902173489,-7.422138627819598,1.1524114995609125e-13,1.0,0.001,1.0,3.7593229500239477e-13
4,LOW → LOW → MEDIUM → MEDIUM,MEDIUM,369,1.5330906344510953,7.368975437864002,1.7186252421197423e-13,1.0,0.001,1.0,5.552481551463783e-13
4,MEDIUM → HIGH → MEDIUM → MEDIUM,LOW,408,0.4678440754292148,-7.3665157322914085,1.751931932858497e-13,1.0,0.001,1.0,5.606182185147191e-13
4,MEDIUM → MEDIUM → MEDIUM → LOW,LOW,468,1.4910440436756225,7.280086031369077,3.33510996597397e-13,1.0,0.001,1.0,1.057166932610617e-12
3,HIGH → MEDIUM → LOW,HIGH,248,0.3563662135512044,-7.2660376108794,3.701483564100272e-13,1.0,0.001,1.0,1.16233502573616e-12
2,HIGH → LOW,HIGH,364,0.4691576490049356,-7.263182317558031,3.781419621873283e-13,1.0,0.001,1.0,1.1764416601383549e-12
2,LOW → HIGH,MEDIUM,449,1.4761836631541505,7.257839383795965,3.9324099532223045e-13,1.0,0.001,1.0,1.212192425947426e-12
4,MEDIUM → MEDIUM → HIGH → MEDIUM,LOW,398,0.4795989516962805,-7.114966118970144,1.1193268534270828e-12,1.0,0.001,1.0,3.419034752286362e-12
4,LOW → HIGH → LOW → LOW,LOW,70,2.2351332877648664,7.0820010042726915,1.4208634269152753e-12,1.0,0.001,1.0,4.3009919949867796e-12
3,HIGH → HIGH → MEDIUM,MEDIUM,919,1.324006734847664,7.0666414423587804,1.5871748360041238e-12,1.0,0.001,1.0,4.761524508012371e-12
4,MEDIUM → LOW → MEDIUM → MEDIUM,MEDIUM,332,1.5362010312061776,7.030554187000676,2.057243264630415e-12,1.0,0.001,1.0,6.117112716069199e-12
3,MEDIUM → MEDIUM → HIGH,MEDIUM,880,1.326044226044226,6.958555772190553,3.4376945734493347e-12,1.0,0.001,1.0,1.0132152427008565e-11
2,MEDIUM → HIGH,MEDIUM,1810,1.2249588993196534,6.8841790411860435,5.8122395785176195e-12,1.0,0.001,1.0,1.6981847812016698e-11
4,MEDIUM → LOW → MEDIUM → MEDIUM,HIGH,332,0.48829982590838633,-6.680972837926822,2.3736124177275997e-11,1.0,0.001,1.0,6.875291141004082e-11
4,MEDIUM → MEDIUM → MEDIUM → MEDIUM,LOW,1051,0.6996754059701628,-6.6724510166643425,2.5156543514981422e-11,1.0,0.001,1.0,7.224443265840819e-11
3,LOW → HIGH → LOW,LOW,115,1.9052518108062109,6.6515484069337125,2.900257811688789e-11,1.0,0.001,1.0,8.25836122650367e-11
3,MEDIUM → MEDIUM → HIGH,HIGH,880,1.3122915839618896,6.641016879750848,3.115263602637697e-11,1.0,0.001,1.0,8.796038407447614e-11
3,LOW → LOW → HIGH,HIGH,236,0.41193518244393457,-6.476109248906476,9.41178246449681e-11,1.0,0.001,1.0,2.6352990900591066e-10
4,MEDIUM → MEDIUM → MEDIUM → HIGH,MEDIUM,453,1.4170422544078904,6.387369405041841,1.687636697056405e-10,1.0,0.001,1.0,4.686330001743405e-10
4,LOW → MEDIUM → MEDIUM → MEDIUM,MEDIUM,411,1.4334783009543675,6.3238439787523,2.5513524626319395e-10,1.0,0.001,1.0,7.026675634789604e-10
4,MEDIUM → LOW → LOW → MEDIUM,MEDIUM,289,1.5010693606440506,6.12970595716685,8.804164064457609e-10,1.0,0.001,1.0,2.405039939559152e-09
3,HIGH → LOW → LOW,LOW,148,1.7342205189095141,6.1201463669410945,9.348943841303026e-10,1.0,0.001,1.0,2.5332622021595294e-09
4,LOW → LOW → HIGH → LOW,LOW,80,1.9948564593301434,6.098156351432083,1.0729876986914633e-09,1.0,0.001,1.0,2.8841909340826533e-09
4,LOW → MEDIUM → LOW → LOW,MEDIUM,480,0.6289742632079316,-5.849483604213903,4.9310149297099315e-09,1.0,0.001,1.0,1.314937314589315e-08
3,LOW → LOW → HIGH,MEDIUM,236,1.5280962761586216,5.83674028723575,5.323197216355879e-09,1.0,0.001,1.0,1.4083419407051775e-08
3,LOW → MEDIUM → HIGH,LOW,214,0.42416654132434667,-5.771759363366364,7.844809246648765e-09,1.0,0.002,1.0,2.059262427245301e-08
3,HIGH → LOW → MEDIUM,MEDIUM,158,1.6329887549275628,5.724345008946326,1.0383355064647048e-08,1.0,0.002,1.0,2.7045017842801614e-08
4,LOW → LOW → LOW → HIGH,HIGH,140,0.3368634643149803,-5.622404319850359,1.8831787462758598e-08,1.0,0.003,1.0,4.867292759605299e-08
4,HIGH → MEDIUM → MEDIUM → LOW,HIGH,121,0.2923195351493631,-5.5780832547940635,2.4318326685701663e-08,1.0,0.004,1.0,6.237372340760122e-08
4,HIGH → LOW → LOW → LOW,HIGH,82,0.14378318598810133,-5.555789437595117,2.7635985722085366e-08,1.0,0.004,1.0,7.034614547439912e-08
3,HIGH → LOW → LOW,HIGH,148,0.37819765726425114,-5.422707499506389,5.87030084542306e-08,1.0,0.004,1.0,1.4830233714752993e-07
3,LOW → HIGH → LOW,HIGH,115,0.30740459464590847,-5.324287444641682,1.0134953409846048e-07,1.0,0.004,1.0,2.5413017505285614e-07
4,HIGH → MEDIUM → LOW → LOW,HIGH,109,0.2974597104616225,-5.25580911619222,1.4737508746698325e-07,1.0,0.004,1.0,3.6680021769560275e-07
4,MEDIUM → MEDIUM → HIGH → LOW,HIGH,90,0.22925430210325046,-5.23947127266741,1.61037311263712e-07,1.0,0.004,1.0,3.978568866515238e-07
3,MEDIUM → HIGH → LOW,HIGH,159,0.42614525830106287,-5.187206104367932,2.1347243550629003e-07,1.0,0.005,1.0,5.235528345263756e-07
4,MEDIUM → HIGH → MEDIUM → LOW,HIGH,125,0.3537066375307293,-5.177734791525739,2.2459619608561354e-07,1.0,0.005,1.0,5.468429122084504e-07
4,HIGH → LOW → LOW → LOW,LOW,82,1.83171898704633,5.161508890385103,2.4496725470335434e-07,1.0,0.005,1.0,5.921510617289716e-07
3,LOW → HIGH → MEDIUM,MEDIUM,226,1.4659785413554256,5.0398939707529555,4.657898311499764e-07,1.0,0.006,1.0,1.1178955947599434e-06
4,LOW → LOW → HIGH → LOW,HIGH,80,0.2210666484567058,-4.992296747911875,5.966548897173851e-07,1.0,0.007,1.0,1.4218159074116412e-06
4,LOW → HIGH → LOW → LOW,HIGH,70,0.16843173215749016,-4.9854231735885755,6.182634300078149e-07,1.0,0.007,1.0,1.462933186497365e-06
4,MEDIUM → LOW → MEDIUM → HIGH,LOW,101,0.27883841015680516,-4.9669113867681025,6.802765344371409e-07,1.0,0.007,1.0,1.5984119969991562e-06
4,HIGH → MEDIUM → LOW → LOW,LOW,109,1.69377990430622,4.963958050044975,6.907086851359878e-07,1.0,0.007,1.0,1.6116535986506382e-06
4,LOW → HIGH → MEDIUM → LOW,LOW,65,1.877511961722488,4.848449328311012,1.2443030512621078e-06,1.0,0.008,1.0,2.8833505187866773e-06
3,LOW → MEDIUM → HIGH,MEDIUM,214,1.4522778073240665,4.7600709648848,1.9352490188140337e-06,1.0,0.008,1.0,4.453723769325447e-06
4,MEDIUM → LOW → LOW → HIGH,MEDIUM,77,1.7510719621272386,4.742635912598004,2.1095520574831994e-06,1.0,0.008,1.0,4.821833274247313e-06
4,LOW → MEDIUM → LOW → MEDIUM,LOW,221,1.4583991859533654,4.670174542413601,3.009439231149713e-06,1.0,0.012,1.0,6.832240416664213e-06
4,MEDIUM → HIGH → LOW → MEDIUM,MEDIUM,76,1.7355447221884672,4.6143310882462325,3.943633435143923e-06,1.0,0.014,1.0,8.893025732942e-06
4,LOW → LOW → HIGH → MEDIUM,MEDIUM,123,1.5728080084006058,4.571455641866843,4.8434782704553925e-06,1.0,0.015,1.0,1.084939132582008e-05
3,MEDIUM → MEDIUM → LOW,MEDIUM,842,1.2187470058774323,4.566667858049637,4.9553824750248054e-06,1.0,0.015,1.0,1.1026546434492282e-05
4,MEDIUM → HIGH → MEDIUM → HIGH,HIGH,222,1.420668551643695,4.491295531244757,7.079124175080054e-06,1.0,0.018,1.0,1.564859028175591e-05
4,LOW → HIGH → MEDIUM → LOW,HIGH,65,0.2267350240581598,-4.467248561329869,7.923205157300828e-06,1.0,0.019,1.0,1.7399979953288093e-05
2,LOW → HIGH,HIGH,449,0.7082223138653724,-4.43390043328637,9.254337789199596e-06,1.0,0.023,1.0,2.0191282449162756e-05
4,HIGH → MEDIUM → HIGH → HIGH,MEDIUM,424,0.7120463357070923,-4.266761923976648,1.9833061245311256e-05,1.0,0.037,1.0,4.2992958570481174e-05
3,LOW → HIGH → HIGH,LOW,108,0.4057480708198412,-4.231427572696491,2.322127698883847e-05,1.0,0.039,1.0,5.001505812980593e-05
3,HIGH → MEDIUM → LOW,LOW,248,1.3883315326439265,4.190182424207438,2.787302740125952e-05,1.0,0.043,1.0,5.965182934282292e-05
4,LOW → MEDIUM → HIGH → HIGH,LOW,79,0.3168796559869178,-4.161059275282255,3.167748444909968e-05,1.0,0.048,1.0,6.736477705631324e-05
4,LOW → LOW → HIGH → MEDIUM,HIGH,123,0.4792772866270045,-4.13822573114869,3.500019366176055e-05,1.0,0.05,1.0,7.396267339843739e-05
4,MEDIUM → LOW → MEDIUM → HIGH,MEDIUM,101,1.5671453333028535,4.101549175662046,4.103932641963404e-05,1.0,0.051,1.0,8.618258548123147e-05
3,HIGH → HIGH → LOW,MEDIUM,90,1.5962877450314636,4.069849983177421,4.704342013650553e-05,1.0,0.057,1.0,9.817757245879416e-05
4,LOW → HIGH → HIGH → HIGH,HIGH,53,1.779656037890462,4.067205169406438,4.758034924590149e-05,1.0,0.057,1.0,9.868516880631419e-05
4,HIGH → HIGH → LOW → HIGH,HIGH,23,2.178627839863188,4.0503794662216785,5.1134643690886605e-05,1.0,0.059,1.0,0.00010540638208673558
3,LOW → HIGH → MEDIUM,HIGH,226,0.6256907678633535,-4.033831249181709,5.487473279774946e-05,1.0,0.066,1.0,0.00011242628182953548
4,MEDIUM → MEDIUM → MEDIUM → LOW,MEDIUM,468,1.2588879950688998,4.0302103299725065,5.5726965517921556e-05,1.0,0.069,1.0,0.00011348036614558571
4,HIGH → LOW → MEDIUM → HIGH,HIGH,39,1.8894585338179983,3.980275279279436,6.88355098112936e-05,1.0,0.08,1.0,0.00013932970660599186
4,LOW → HIGH → HIGH → HIGH,LOW,53,0.2361650266317595,-3.8109268416638353,0.00013844673840290866,1.0,0.12,1.0,0.00027855152157710966
4,MEDIUM → LOW → LOW → LOW,MEDIUM,647,0.792812804571754,-3.7923457483704066,0.0001492309454407259,1.0,0.125,1.0,0.0002984618908814518
3,MEDIUM → LOW → LOW,MEDIUM,1014,0.835636683336722,-3.7655215417095267,0.00016620179263426849,1.0,0.131,1.0,0.0003304367001486048
3,MEDIUM → LOW → HIGH,MEDIUM,155,1.4186889109891216,3.7502357585643264,0.00017666838897034687,1.0,0.134,1.0,0.0003491798746708032
2,HIGH → LOW,MEDIUM,364,1.27301640366967,3.7467017598466237,0.00017917489987806512,1.0,0.134,1.0,0.00035206296116391744
3,LOW → LOW → MEDIUM,MEDIUM,925,1.1696131497516802,3.711347741252298,0.00020615865927320343,1.0,0.144,1.0,0.00040272854369649043
4,LOW → LOW → MEDIUM → LOW,MEDIUM,482,0.7662321927006345,-3.69318527649673,0.00022146254869004345,1.0,0.149,1.0,0.00043012379398759884
3,MEDIUM → HIGH → LOW,MEDIUM,159,1.4014386055724826,3.6418240557984514,0.0002707130756516296,1.0,0.166,1.0,0.0005227562840169399
4,LOW → LOW → MEDIUM → HIGH,MEDIUM,74,1.5844011878237059,3.6175939857145103,0.0002973543681832336,1.0,0.176,1.0,0.0005709203869118085
4,HIGH → LOW → MEDIUM → HIGH,LOW,39,0.16047110783952886,-3.593032023440634,0.00032685240071317345,1.0,0.18,1.0,0.0006239909468160584
4,MEDIUM → HIGH → HIGH → LOW,MEDIUM,33,1.8652723074833628,3.5768658120427435,0.0003477385652899123,1.0,0.185,1.0,0.000660113886652037
4,HIGH → HIGH → LOW → MEDIUM,LOW,49,0.25544380431598473,-3.5718125547187287,0.00035451912198247726,1.0,0.187,1.0,0.0006692046347534402
2,HIGH → LOW,LOW,364,1.2730140672724406,3.5682188464542146,0.0003594162494759967,1.0,0.188,1.0,0.000674658434770586
4,LOW → HIGH → MEDIUM → HIGH,MEDIUM,48,1.7098329485264159,3.5389110436844984,0.0004017812221239758,1.0,0.193,1.0,0.0007499916146314216
3,MEDIUM → LOW → HIGH,LOW,155,0.5856234828607109,-3.5348046572820473,0.00040807671339870843,1.0,0.193,1.0,0.0007575346723865527
3,HIGH → LOW → HIGH,LOW,58,0.32379895306805057,-3.52853369695899,0.0004178687419431615,1.0,0.194,1.0,0.0007714499851258366
4,LOW → MEDIUM → MEDIUM → HIGH,MEDIUM,125,1.4303973923672415,3.462721081951139,0.0005347424040813564,1.0,0.222,1.0,0.000981822118969048
2,HIGH → MEDIUM,HIGH,1900,1.109562097225611,3.424899462931312,0.0006150269660831764,1.0,0.243,1.0,0.0011230927206736265
4,HIGH → HIGH → LOW → MEDIUM,MEDIUM,49,1.6749383985564892,3.3998131538753644,0.0006743191483979949,1.0,0.244,1.0,0.0012247093722255475
4,HIGH → MEDIUM → MEDIUM → LOW,MEDIUM,121,1.4292346252145247,3.397663043506972,0.0006796407526126202,1.0,0.245,1.0,0.00122773813375183
4,HIGH → LOW → HIGH → HIGH,HIGH,24,1.9650368751707186,3.3876975412605086,0.0007048194170655719,1.0,0.248,1.0,0.0012664134980429529
4,HIGH → LOW → LOW → MEDIUM,MEDIUM,47,1.6838476453573215,3.373658804099026,0.0007417624679331158,1.0,0.253,1.0,0.0013257031341783348
4,HIGH → LOW → HIGH → HIGH,LOW,24,0.0,-3.3573665442366507,0.0007868872006817629,1.0,0.262,1.0,0.0013989105789898007
3,HIGH → LOW → MEDIUM,LOW,158,0.6141250185826529,-3.3233769138891334,0.0008893466061237199,1.0,0.289,1.0,0.0015727392613556308
3,LOW → HIGH → HIGH,HIGH,108,1.4457029354682192,3.3203994996236452,0.0008988871665782661,1.0,0.29,1.0,0.0015812884186926564
4,HIGH → HIGH → LOW → HIGH,LOW,23,0.0,-3.286677226472237,0.001013769597362657,1.0,0.303,1.0,0.0017740967953846498
4,MEDIUM → HIGH → MEDIUM → LOW,MEDIUM,125,1.4069482547874508,3.274063286873627,0.0010601286528646447,1.0,0.306,1.0,0.001845612577007879
4,LOW → MEDIUM → MEDIUM → HIGH,LOW,125,0.5757703349282296,-3.250492573905101,0.0011520527717527873,1.0,0.324,1.0,0.0019953078933450338
4,MEDIUM → MEDIUM → HIGH → LOW,MEDIUM,90,1.465571098736928,3.1783384412877425,0.0014812174079374962,1.0,0.374,1.0,0.0025522515336769166
4,MEDIUM → HIGH → MEDIUM → HIGH,MEDIUM,222,1.2939276367226933,3.151445370531073,0.0016246455110902058,1.0,0.391,1.0,0.0027851065904403527
4,MEDIUM → HIGH → LOW → HIGH,MEDIUM,23,1.9116144766133842,3.146067268562437,0.0016548194019083695,1.0,0.393,1.0,0.0028224330915797573
4,HIGH → LOW → MEDIUM → MEDIUM,MEDIUM,88,1.465571098736928,3.1428251653008186,0.0016732575002724737,1.0,0.393,1.0,0.0028394672731896524
3,HIGH → MEDIUM → LOW,MEDIUM,248,1.2768200198902095,3.1363505557772546,0.001710645946422229,1.0,0.399,1.0,0.002888326824109894
4,HIGH → LOW → MEDIUM → LOW,LOW,31,1.81694705973144,3.117223190690863,0.0018256330150223654,1.0,0.41,1.0,0.003067063465237574
4,MEDIUM → HIGH → MEDIUM → MEDIUM,HIGH,408,0.7874596301235599,-3.0762853203616523,0.002095971745272207,1.0,0.434,1.0,0.0035037139622460774
4,LOW → HIGH → MEDIUM → MEDIUM,MEDIUM,113,1.400722820031754,3.0653224776708026,0.0021743541493106644,1.0,0.434,1.0,0.003601742369715972
4,LOW → MEDIUM → LOW → MEDIUM,MEDIUM,221,1.2865194260405612,3.065088950379834,0.0021760526817034,1.0,0.434,1.0,0.003601742369715972
4,MEDIUM → MEDIUM → MEDIUM → HIGH,HIGH,453,1.1972410100377886,3.00816336809596,0.0026283180663948524,1.0,0.483,1.0,0.004328994462297404
4,MEDIUM → MEDIUM → LOW → HIGH,LOW,67,0.46704277654788257,-2.989667509461659,0.0027928126767942096,1.0,0.494,1.0,0.004577488094648071
4,MEDIUM → LOW → LOW → MEDIUM,LOW,289,1.2560056952699459,2.9825771474276555,0.0028583260066781246,1.0,0.496,1.0,0.004662123972057524
3,LOW → MEDIUM → LOW,MEDIUM,759,0.8537055537274021,-2.8996794458875534,0.0037354445925368296,1.0,0.565,1.0,0.00606333035310326
4,LOW → LOW → LOW → HIGH,MEDIUM,140,1.3399507188451913,2.894495340737301,0.003797685456769395,1.0,0.566,1.0,0.006134722660935177
2,LOW → HIGH,LOW,449,0.8019076755556546,-2.875455060224189,0.004034455727455644,1.0,0.575,1.0,0.0064860149494023744
4,LOW → MEDIUM → HIGH → MEDIUM,HIGH,106,0.6117567630248463,-2.8642566587091958,0.004179891775074829,1.0,0.584,1.0,0.006687826840119726
4,HIGH → HIGH → HIGH → LOW,LOW,43,0.3638589073105597,-2.8587805316039208,0.004252728966162467,1.0,0.584,1.0,0.006772118164126014
4,HIGH → HIGH → HIGH → MEDIUM,MEDIUM,604,1.1598393794639925,2.8268002905874456,0.004701563924426777,1.0,0.61,1.0,0.007451535276449987
4,HIGH → HIGH → MEDIUM → MEDIUM,HIGH,415,1.1932272109470385,2.820638523976262,0.004792817560262286,1.0,0.61,1.0,0.007560500940132057
4,LOW → LOW → LOW → HIGH,LOW,140,1.34107997265892,2.765752890217032,0.0056791551582104915,1.0,0.654,1.0,0.008916804360554791
4,HIGH → HIGH → MEDIUM → LOW,HIGH,58,0.5081991918544961,-2.683850586035913,0.007277962404108607,1.0,0.731,1.0,0.011373931943165078
4,LOW → MEDIUM → HIGH → LOW,HIGH,29,0.30491951511269766,-2.6821878685050367,0.007314237153277947,1.0,0.731,1.0,0.011377702238432362
4,HIGH → HIGH → HIGH → LOW,MEDIUM,43,1.5678202451604346,2.6794025959007572,0.007375365771462139,1.0,0.732,1.0,0.011419921194522021
4,LOW → MEDIUM → HIGH → HIGH,HIGH,79,1.417811416262417,2.661024956485199,0.007790318272703489,1.0,0.75,1.0,0.012007096053341158
4,LOW → HIGH → MEDIUM → MEDIUM,HIGH,113,0.6521140072469198,-2.649910853644584,0.00805130120260733,1.0,0.75,1.0,0.012352681297150973
3,MEDIUM → HIGH → MEDIUM,HIGH,755,0.8662295034558546,-2.6349160477790363,0.008415809536090002,1.0,0.757,1.0,0.012853236382392002
4,HIGH → HIGH → MEDIUM → HIGH,MEDIUM,446,0.8280805311249011,-2.612674841352464,0.008983672795651376,1.0,0.775,1.0,0.013658434657641912
4,HIGH → MEDIUM → LOW → HIGH,LOW,30,0.3129186602870813,-2.5790628083909257,0.009906877210599241,1.0,0.796,1.0,0.014994192534961013
4,LOW → MEDIUM → LOW → HIGH,MEDIUM,58,1.465571098736928,2.551484196278509,0.010726518871165602,1.0,0.82,1.0,0.016161929778975976
4,MEDIUM → HIGH → LOW → MEDIUM,LOW,76,0.5764291110551498,-2.530614767792292,0.011386282776145507,1.0,0.838,1.0,0.01707942416421826
4,MEDIUM → LOW → HIGH → HIGH,LOW,51,0.4908528004503237,-2.4918482161812348,0.01270803311116353,1.0,0.864,1.0,0.018977329446004207
4,HIGH → MEDIUM → LOW → MEDIUM,MEDIUM,108,1.3298700710761013,2.4668779603756907,0.01362968015010435,1.0,0.877,1.0,0.02026359526741178
3,HIGH → LOW → MEDIUM,HIGH,158,0.7271675142335968,-2.458428550772037,0.013954654102604769,1.0,0.878,1.0,0.02065534704174098
4,MEDIUM → LOW → LOW → HIGH,HIGH,77,0.6124790260272369,-2.436664157917432,0.014823439481494782,1.0,0.887,1.0,0.021845068709571258
3,HIGH → HIGH → LOW,LOW,90,0.6260113092648978,-2.430995516414999,0.015057400888720984,1.0,0.889,1.0,0.022092955015765286
3,MEDIUM → LOW → MEDIUM,LOW,679,1.134011650067488,2.3926648823224426,0.016726510732464783,1.0,0.908,1.0,0.024435250461339857
2,MEDIUM → LOW,MEDIUM,1849,1.076988732415678,2.3812517693723483,0.017253914992013675,1.0,0.908,1.0,0.025096603624747162
4,MEDIUM → LOW → LOW → HIGH,LOW,77,0.6095818057540545,-2.347840276733079,0.018882616631276328,1.0,0.914,1.0,0.02734723787977951
4,HIGH → LOW → MEDIUM → MEDIUM,LOW,88,0.6400608960417573,-2.3140008003084698,0.020667678240306353,1.0,0.936,1.0,0.029804033857265814
4,LOW → MEDIUM → MEDIUM → MEDIUM,LOW,411,1.164879684280376,2.2907684636054677,0.0219768085133909,1.0,0.946,1.0,0.03155644299358693
4,MEDIUM → LOW → HIGH → LOW,LOW,29,1.6185447945883518,2.2827759736489823,0.02244356792143032,1.0,0.946,1.0,0.03208952690042803
4,MEDIUM → HIGH → LOW → LOW,HIGH,60,0.5895110625512155,-2.278411595515816,0.022702066182765712,1.0,0.946,1.0,0.032220816835923344
4,LOW → HIGH → LOW → MEDIUM,HIGH,33,0.4465992898115269,-2.2779898338840834,0.022727183303910214,1.0,0.946,1.0,0.032220816835923344
3,HIGH → LOW → HIGH,MEDIUM,58,1.415427557170756,2.276200745988727,0.022833997296969555,1.0,0.946,1.0,0.03223623147807467
4,LOW → LOW → MEDIUM → HIGH,HIGH,74,0.6373092568121249,-2.2356686184876855,0.025373486118859256,1.0,0.953,1.0,0.035671511865843976
4,MEDIUM → HIGH → HIGH → HIGH,MEDIUM,588,0.8723637492481714,-2.2271813164525462,0.025935158284946302,1.0,0.955,1.0,0.03630922159892482
4,HIGH → MEDIUM → LOW → HIGH,MEDIUM,30,1.563275838652723,2.220110666268593,0.026411256342017797,1.0,0.955,1.0,0.036822332493435604
4,HIGH → MEDIUM → MEDIUM → LOW,LOW,121,1.2930523152358733,2.209179372889936,0.027162167024810113,1.0,0.955,1.0,0.03771276082783553
3,MEDIUM → HIGH → HIGH,MEDIUM,895,0.8976047381706964,-2.203903838025834,0.02753110758763433,1.0,0.955,1.0,0.03806770431870426
4,MEDIUM → HIGH → LOW → MEDIUM,HIGH,76,0.659321583116491,-2.128170976492553,0.033322910267380434,1.0,0.973,1.0,0.045887286269835355
4,HIGH → LOW → MEDIUM → LOW,HIGH,31,0.47541214721872216,-2.0929274612586615,0.03635563041184375,1.0,0.979,1.0,0.049859150279100005
4,MEDIUM → MEDIUM → HIGH → LOW,LOW,90,1.3212121212121213,2.088364575108946,0.03676496046833777,1.0,0.981,1.0,0.05021555576163208
4,HIGH → HIGH → MEDIUM → LOW,MEDIUM,58,1.3644972298585192,1.997565837085627,0.04576375010122136,1.0,0.99,1.0,0.062253522404900306
4,LOW → HIGH → LOW → LOW,MEDIUM,70,0.6699753594225957,-1.9869560451618236,0.04692726799814495,1.0,0.99,1.0,0.06357887922329315
4,HIGH → MEDIUM → LOW → MEDIUM,HIGH,108,0.7368888281890194,-1.9593240352910037,0.050074850683908156,1.0,0.991,1.0,0.06757088285057486
4,MEDIUM → HIGH → LOW → HIGH,LOW,23,0.4081547742874974,-1.9452042249456032,0.05175040355704419,1.0,0.991,1.0,0.0695525423806674
4,MEDIUM → HIGH → MEDIUM → LOW,LOW,125,1.2516746411483253,1.9283577256542475,0.053810646241809534,1.0,0.991,1.0,0.07203337504879682
4,LOW → HIGH → MEDIUM → HIGH,HIGH,48,0.6140740234908495,-1.9159304066869287,0.0553739545297498,1.0,0.992,1.0,0.07383193937299974
4,MEDIUM → HIGH → HIGH → LOW,HIGH,33,0.5359191477738323,-1.9103182269343817,0.05609225235628479,1.0,0.994,1.0,0.0744940584652636
4,MEDIUM → MEDIUM → HIGH → MEDIUM,HIGH,398,0.8664923909358319,-1.9085460970615646,0.0563206711647255,1.0,0.994,1.0,0.07450293508404633
4,MEDIUM → LOW → HIGH → LOW,HIGH,29,0.5081991918544961,-1.8977689490774838,0.057726525270443974,1.0,0.997,1.0,0.07606318623870265
4,HIGH → LOW → LOW → MEDIUM,LOW,47,0.5992059452305812,-1.8830564406604526,0.05969271952770905,1.0,0.997,1.0,0.07834669438011813
4,LOW → MEDIUM → LOW → HIGH,HIGH,58,0.6606589494108449,-1.851848680208543,0.0640475550467452,1.0,0.998,1.0,0.08373532488601707
4,MEDIUM → MEDIUM → LOW → HIGH,MEDIUM,67,1.3124517302121743,1.8404041691089756,0.06570892184621191,1.0,0.998,1.0,0.08557440984622947
4,HIGH → MEDIUM → MEDIUM → HIGH,MEDIUM,302,1.1452807261652813,1.8167883926964932,0.06924952080453806,1.0,0.998,1.0,0.08983721617886017
4,LOW → MEDIUM → HIGH → MEDIUM,MEDIUM,106,1.2443528196822973,1.8103525607096025,0.0702411309816322,1.0,0.998,1.0,0.09077315388395546
4,MEDIUM → LOW → HIGH → MEDIUM,MEDIUM,75,1.2897025668884967,1.8054100184307211,0.07101054459748424,1.0,0.998,1.0,0.09141587350480729
4,HIGH → LOW → HIGH → MEDIUM,MEDIUM,28,1.4655710987369277,1.7727924830813828,0.07626309945583643,1.0,0.998,1.0,0.0978030588441261
4,LOW → LOW → HIGH → HIGH,LOW,33,0.5689430187037843,-1.6970115208825782,0.08969448242600464,1.0,0.999,1.0,0.11415661399673317
4,MEDIUM → HIGH → HIGH → LOW,LOW,33,0.5689430187037843,-1.6970115208825782,0.08969448242600464,1.0,0.999,1.0,0.11415661399673317
3,HIGH → HIGH → LOW,HIGH,90,0.7528566229985444,-1.6807503057574007,0.09281142481564952,1.0,0.999,1.0,0.11767788203040845
4,LOW → HIGH → MEDIUM → HIGH,LOW,48,0.6519138755980861,-1.6527245101778638,0.09838694375217583,1.0,0.999,1.0,0.12427824473959051
4,MEDIUM → HIGH → LOW → LOW,LOW,60,1.3038277511961722,1.6128582570803909,0.10677530590283824,1.0,0.999,1.0,0.13436892428222338
4,HIGH → LOW → HIGH → MEDIUM,LOW,28,0.5587833219412167,-1.600015072083349,0.1095952398233011,1.0,0.999,1.0,0.13740298724115363
4,MEDIUM → LOW → HIGH → MEDIUM,HIGH,75,0.7467140125648729,-1.5717985910932104,0.11599726840482827,1.0,1.0,1.0,0.1443992655574111
4,LOW → LOW → MEDIUM → MEDIUM,LOW,369,1.1193838254172015,1.5716354329070505,0.11603512410863392,1.0,1.0,1.0,0.1443992655574111
3,MEDIUM → HIGH → LOW,LOW,159,1.1811534137073545,1.5651267646160172,0.11755318905211398,1.0,1.0,1.0,0.14574860340040702
4,HIGH → LOW → LOW → MEDIUM,HIGH,47,0.6898533710705713,-1.5236004544970456,0.12760854957871826,1.0,1.0,1.0,0.1576340906560637
4,LOW → MEDIUM → HIGH → LOW,LOW,29,1.4027388219765715,1.4863313288015911,0.13719150394071433,1.0,1.0,1.0,0.1688510817731869
4,HIGH → MEDIUM → HIGH → LOW,MEDIUM,40,1.319013988863235,1.4518862630767753,0.14653323275058305,1.0,1.0,1.0,0.1796903876065544
4,LOW → MEDIUM → HIGH → HIGH,MEDIUM,79,1.224401171096674,1.4352631607254973,0.15121212128055883,1.0,1.0,1.0,0.1847537190918828
4,LOW → LOW → MEDIUM → HIGH,LOW,74,0.7611534979956032,-1.4080817921884647,0.15910685188031293,1.0,1.0,1.0,0.1936952979412505
4,LOW → LOW → HIGH → HIGH,HIGH,33,1.3397978694345807,1.398726235612932,0.16189509369434596,1.0,1.0,1.0,0.19637816419241966
4,MEDIUM → LOW → HIGH → HIGH,HIGH,51,1.2714944486398765,1.3893163330258298,0.16473657942070008,1.0,1.0,1.0,0.19910608160199722
4,LOW → HIGH → LOW → MEDIUM,MEDIUM,33,1.3323373624881163,1.373817397907486,0.16949837852680494,1.0,1.0,1.0,0.2041270795161522
4,LOW → HIGH → HIGH → MEDIUM,MEDIUM,41,1.2868429159641317,1.3216879492680247,0.18627208310810772,1.0,1.0,1.0,0.22352649972972927
4,HIGH → MEDIUM → HIGH → LOW,LOW,40,0.704066985645933,-1.2826747663405,0.1996060439566678,1.0,1.0,1.0,0.23867484259587327
4,MEDIUM → HIGH → LOW → HIGH,HIGH,23,0.6407728940774081,-1.2344915369621674,0.21701979837789942,1.0,1.0,1.0,0.25857678104600784
3,LOW → HIGH → LOW,MEDIUM,115,0.8413442063431139,-1.22406961837403,0.22092596596331382,1.0,1.0,1.0,0.2623007935112136
4,LOW → MEDIUM → HIGH → LOW,MEDIUM,29,1.3139602954193148,1.216652635265323,0.22373640725495947,1.0,1.0,1.0,0.2647022283016422
3,HIGH → LOW → HIGH,HIGH,58,1.219018220147568,1.1957137122672148,0.23180829845131234,1.0,1.0,1.0,0.2732897834373367
4,MEDIUM → MEDIUM → LOW → HIGH,HIGH,67,1.1878207976778223,1.1016310837766679,0.27062208906254037,1.0,1.0,1.0,0.317933643094453
3,HIGH → MEDIUM → MEDIUM,HIGH,936,0.9505129604747509,-1.085331394383092,0.27777490599421806,1.0,1.0,1.0,0.3251998899444504
4,LOW → MEDIUM → HIGH → MEDIUM,LOW,106,1.1513045048298276,1.0675738536561756,0.28571278302087744,1.0,1.0,1.0,0.3333315801910237
4,MEDIUM → LOW → HIGH → HIGH,MEDIUM,51,1.206940904842176,1.06346770237927,0.28756990439218644,1.0,1.0,1.0,0.33433732828987767
3,LOW → HIGH → MEDIUM,LOW,226,0.9002375022614681,-1.0276044284152155,0.3041359402633188,1.0,1.0,1.0,0.3523781928568107
4,LOW → LOW → HIGH → LOW,MEDIUM,80,0.8427033817737336,-1.0124119257431985,0.3113411385965592,1.0,1.0,1.0,0.35948667549293434
4,HIGH → LOW → MEDIUM → LOW,MEDIUM,31,0.756423792896479,-0.9759073379739007,0.32911038542931603,1.0,1.0,1.0,0.3787023613159253
3,LOW → MEDIUM → HIGH,HIGH,214,1.0875275476472268,0.9178772689906638,0.3586831233323102,1.0,1.0,1.0,0.4109600811152926
4,LOW → HIGH → LOW → MEDIUM,LOW,33,1.2327098738581992,0.9161464820102716,0.359590070975881,1.0,1.0,1.0,0.4109600811152926
4,HIGH → LOW → MEDIUM → MEDIUM,HIGH,88,0.8708686151324775,-0.8680170267119218,0.38538501161812366,1.0,1.0,1.0,0.4389469962836933
3,LOW → HIGH → HIGH,MEDIUM,108,1.11305778139949,0.8453053141265984,0.3979403947855351,1.0,1.0,1.0,0.4517161238106075
4,HIGH → HIGH → LOW → HIGH,MEDIUM,23,0.7646457906453537,-0.812229504427961,0.4166599526721144,1.0,1.0,1.0,0.4713728757502708
4,MEDIUM → LOW → MEDIUM → HIGH,HIGH,101,1.1089812067795144,0.7848151880066795,0.4325619338745845,1.0,1.0,1.0,0.4877208381941624
4,MEDIUM → HIGH → HIGH → MEDIUM,HIGH,274,0.9359025993057619,-0.7602751561802007,0.4470901288942022,1.0,1.0,1.0,0.5024156632389697
4,LOW → MEDIUM → LOW → HIGH,LOW,58,0.863223890447121,-0.7138671226852736,0.4753093489670861,1.0,1.0,1.0,0.5323464708431364
4,LOW → HIGH → HIGH → MEDIUM,LOW,41,0.8395378690629012,-0.7041377387576389,0.48134700003254194,1.0,1.0,1.0,0.5373175814316747
4,HIGH → HIGH → MEDIUM → LOW,LOW,58,1.1329813562118463,0.6940614003429803,0.48764370404910773,1.0,1.0,1.0,0.5425439886109278
4,MEDIUM → HIGH → LOW → LOW,MEDIUM,60,1.1236045090316447,0.6889739668199534,0.4908396503162784,1.0,1.0,1.0,0.5442974340140909
3,LOW → LOW → HIGH,LOW,236,1.0610361173981318,0.6424618364573673,0.5205733609276544,1.0,1.0,1.0,0.5753705568147759
4,LOW → HIGH → HIGH → MEDIUM,HIGH,41,0.862699115928608,-0.6299707154781661,0.528713744273712,1.0,1.0,1.0,0.5824518625441548
3,HIGH → MEDIUM → HIGH,MEDIUM,716,1.0319178559261657,0.6144569826675953,0.5389133909903019,1.0,1.0,1.0,0.5917480371658217
4,LOW → LOW → LOW → MEDIUM,MEDIUM,589,0.9654356304073481,-0.6036415990310819,0.5460819495269087,1.0,1.0,1.0,0.5961219387843433
3,HIGH → LOW → LOW,MEDIUM,148,0.9310944789689866,-0.6030955741643044,0.5464451105523147,1.0,1.0,1.0,0.5961219387843433
4,HIGH → MEDIUM → LOW → MEDIUM,LOW,108,0.9271664008506114,-0.5187245312585731,0.6039528523373334,1.0,1.0,1.0,0.6567254316677801
4,HIGH → MEDIUM → MEDIUM → MEDIUM,HIGH,511,0.9690592809061076,-0.5011825627391655,0.6162426450967791,1.0,1.0,1.0,0.667927512104896
4,LOW → MEDIUM → MEDIUM → LOW,MEDIUM,253,1.0426988054254822,0.4887298428552307,0.625032972966173,1.0,1.0,1.0,0.6752767810824248
4,HIGH → LOW → LOW → LOW,MEDIUM,82,1.0723690966367765,0.4715773643045869,0.6372284867136782,1.0,1.0,1.0,0.6862460626147303
4,MEDIUM → MEDIUM → HIGH → HIGH,MEDIUM,392,1.031881691967837,0.45423152063986866,0.6496621982398909,1.0,1.0,1.0,0.6974009540210969
4,LOW → LOW → HIGH → MEDIUM,LOW,123,0.9413000350099194,-0.44615271021426306,0.6554869398855854,1.0,1.0,1.0,0.7014127764380786
4,HIGH → LOW → MEDIUM → HIGH,MEDIUM,39,0.9018899069150327,-0.44089874680684366,0.6592863009590912,1.0,1.0,1.0,0.7032387210230308
4,LOW → HIGH → MEDIUM → MEDIUM,LOW,113,0.9415251725452004,-0.4259918676099802,0.670113771877914,1.0,1.0,1.0,0.71252603592082
4,MEDIUM → LOW → MEDIUM → LOW,MEDIUM,246,1.0366234600822173,0.41335176797209705,0.6793489067389133,1.0,1.0,1.0,0.7200669800134853
4,HIGH → MEDIUM → LOW → LOW,MEDIUM,109,1.0487573000135815,0.36630746578937556,0.7141356592864092,1.0,1.0,1.0,0.75353492637554
4,MEDIUM → LOW → MEDIUM → MEDIUM,LOW,332,0.9708018677581138,-0.36460049221851104,0.7154096473624918,1.0,1.0,1.0,0.75353492637554
4,MEDIUM → LOW → HIGH → LOW,MEDIUM,29,0.9096648199056795,-0.3500650767707274,0.7262898593449423,1.0,1.0,1.0,0.7626043523121894
4,HIGH → MEDIUM → LOW → HIGH,HIGH,30,1.080770281343895,0.317005883425631,0.7512391379986381,1.0,1.0,1.0,0.7863437706153968
4,LOW → HIGH → HIGH → HIGH,MEDIUM,53,0.9401776859821801,-0.3133964091794748,0.7539795119801294,1.0,1.0,1.0,0.7867612298923089
4,LOW → HIGH → MEDIUM → LOW,MEDIUM,65,0.9469844022607843,-0.30757654470992163,0.7584045701335662,1.0,1.0,1.0,0.7889285930801184
4,HIGH → MEDIUM → HIGH → MEDIUM,HIGH,251,0.9746896054133642,-0.28733655206205216,0.7738546376102322,1.0,1.0,1.0,0.8025159204846852
3,MEDIUM → LOW → HIGH,HIGH,155,0.9693161008592759,-0.27384786739672884,0.7842015362883208,1.0,1.0,1.0,0.8094885114017006
4,LOW → LOW → HIGH → HIGH,MEDIUM,33,1.065869889990493,0.2722931908398572,0.7853965914195071,1.0,1.0,1.0,0.8094885114017006
4,LOW → MEDIUM → MEDIUM → HIGH,HIGH,125,0.9667981425839934,-0.26599439553165455,0.7902435253098421,1.0,1.0,1.0,0.8119933471073606
4,MEDIUM → LOW → HIGH → MEDIUM,LOW,75,0.9596172248803827,-0.23967345130414422,0.8105834179204414,1.0,1.0,1.0,0.8303537451867936
4,MEDIUM → MEDIUM → LOW → LOW,MEDIUM,425,1.0138303600674277,0.20517329121012215,0.8374367360605091,1.0,1.0,1.0,0.8552545389554136
4,HIGH → LOW → HIGH → MEDIUM,HIGH,28,0.9474284933858821,-0.19933544892528324,0.8420003513092393,1.0,1.0,1.0,0.8573094486057711
4,HIGH → MEDIUM → HIGH → LOW,HIGH,40,0.9579554766457251,-0.1905436712254628,0.8488831252894276,1.0,1.0,1.0,0.8617061332243131
4,HIGH → HIGH → HIGH → LOW,HIGH,43,1.0282169695660734,0.13258661928964086,0.8945203152447261,1.0,1.0,1.0,0.9052976684404457
4,HIGH → HIGH → LOW → MEDIUM,HIGH,49,1.0226212309561902,0.11346694795283212,0.90966036553184,1.0,1.0,1.0,0.9178555039600549
4,MEDIUM → MEDIUM → LOW → MEDIUM,LOW,350,0.9923991797676007,-0.09745129638323469,0.9223680099196627,1.0,1.0,1.0,0.9278911716557087
4,HIGH → LOW → HIGH → HIGH,MEDIUM,24,0.9770473991579519,-0.08091525332323543,0.9355093493447113,1.0,1.0,1.0,0.9383019145666358
3,LOW → MEDIUM → MEDIUM,LOW,789,1.003680996476674,0.07084485846374462,0.9435212296009965,1.0,1.0,1.0,0.9435212296009965
