ghi_luc,pair,ngay,h,p_giam,p_ngang,p_tang,b_pip,sigma_pip,che_do,mo_hinh,ma_cau_hinh
2026-09-04T04:07:44Z,EURUSD,2026-09-04,1,0.3451,0.3098,0.3451,12.93,36.29,0,chỉ σ̂,2026-01-01|2021-10-13
2026-09-04T04:07:44Z,EURUSD,2026-09-04,5,0.3873,0.2494,0.3633,32.39,80.5,0,σ̂ + chế độ,2026-01-01|2021-10-13
2026-09-04T04:07:44Z,EURUSD,2026-09-04,20,0.4185,0.2878,0.2938,57.23,159.78,0,σ̂ + chế độ,2026-01-01|2021-10-13
2026-09-04T04:07:44Z,GBPUSD,2026-09-04,1,0.3107,0.3786,0.3107,15.98,36.85,0,chỉ σ̂,2026-01-01|2021-10-13
2026-09-04T04:07:44Z,GBPUSD,2026-09-04,5,0.3597,0.3094,0.3309,38.65,84.79,0,σ̂ + chế độ,2026-01-01|2021-10-13
2026-09-04T04:07:44Z,GBPUSD,2026-09-04,20,0.4077,0.3118,0.2806,76.57,171.98,0,σ̂ + chế độ,2026-01-01|2021-10-13
2026-09-04T04:07:44Z,USDJPY,2026-09-04,1,0.4009,0.1981,0.4009,0.17,0.74,2,chỉ σ̂,2026-01-01|2021-10-13
2026-09-04T04:07:44Z,USDJPY,2026-09-04,5,0.3713,0.1988,0.4299,0.38,1.74,2,σ̂ + chế độ,2026-01-01|2021-10-13
2026-09-04T04:07:44Z,USDJPY,2026-09-04,20,0.3784,0.1904,0.4311,0.69,3.54,2,σ̂ + chế độ,2026-01-01|2021-10-13
2026-09-04T04:07:44Z,AUDUSD,2026-09-04,1,0.3194,0.3612,0.3194,19.06,44.56,0,chỉ σ̂,2026-01-01|2021-10-13
2026-09-04T04:07:44Z,AUDUSD,2026-09-04,5,0.3381,0.3381,0.3237,41.89,94.98,0,σ̂ + chế độ,2026-01-01|2021-10-13
2026-09-04T04:07:44Z,AUDUSD,2026-09-04,20,0.3945,0.3657,0.2398,88.37,198.29,0,σ̂ + chế độ,2026-01-01|2021-10-13
2026-09-04T04:07:44Z,USDCAD,2026-09-04,1,0.3749,0.2503,0.3749,11.43,40.14,0,chỉ σ̂,2026-01-01|2021-10-13
2026-09-04T04:07:44Z,USDCAD,2026-09-04,5,0.3525,0.253,0.3945,28.71,86.18,0,σ̂ + chế độ,2026-01-01|2021-10-13
2026-09-04T04:07:44Z,USDCAD,2026-09-04,20,0.3082,0.247,0.4448,60.42,185.16,0,σ̂ + chế độ,2026-01-01|2021-10-13
2026-09-04T04:07:44Z,USDCHF,2026-09-04,1,0.3711,0.2578,0.3711,15.66,57.31,2,chỉ σ̂,2026-01-01|2021-10-13
2026-09-04T04:07:44Z,USDCHF,2026-09-04,5,0.3198,0.2635,0.4168,38.25,141.62,2,σ̂ + chế độ,2026-01-01|2021-10-13
2026-09-04T04:07:44Z,USDCHF,2026-09-04,20,0.3162,0.2946,0.3892,76.33,251.7,2,σ̂ + chế độ,2026-01-01|2021-10-13
2026-09-09T05:46:07Z,EURUSD,2026-09-09,1,0.3023,0.3959,0.3018,15.03,32.32,0,tổ hợp trực tuyến,2026-01-01|2021-10-13
2026-09-09T05:46:07Z,EURUSD,2026-09-09,5,0.3023,0.4479,0.2498,42.26,71.78,0,σ̂ + chế độ (cuộn),2026-01-01|2021-10-13
2026-09-09T05:46:07Z,EURUSD,2026-09-09,20,0.3259,0.4281,0.246,77.04,141.27,0,σ̂ + chế độ (cuộn),2026-01-01|2021-10-13
2026-09-09T05:46:07Z,GBPUSD,2026-09-09,1,0.2805,0.438,0.2815,21.67,42.1,0,tổ hợp trực tuyến,2026-01-01|2021-10-13
2026-09-09T05:46:07Z,GBPUSD,2026-09-09,5,0.2814,0.4588,0.2598,57.21,96.89,0,σ̂ + chế độ (cuộn),2026-01-01|2021-10-13
2026-09-09T05:46:07Z,GBPUSD,2026-09-09,20,0.2742,0.5364,0.1894,125.38,194.83,0,σ̂ + chế độ (cuộn),2026-01-01|2021-10-13
2026-09-09T05:46:07Z,USDJPY,2026-09-09,1,0.3831,0.206,0.4109,25.8,104.63,2,tổ hợp trực tuyến,2026-01-01|2021-10-13
2026-09-09T05:46:07Z,USDJPY,2026-09-09,5,0.368,0.1884,0.4436,56.64,244.69,2,σ̂ + chế độ (cuộn),2026-01-01|2021-10-13
2026-09-09T05:46:07Z,USDJPY,2026-09-09,20,0.3695,0.1445,0.486,94.31,494.81,2,σ̂ + chế độ (cuộn),2026-01-01|2021-10-13
2026-09-09T05:46:07Z,AUDUSD,2026-09-09,1,0.2899,0.4198,0.2903,13.77,27.48,0,tổ hợp trực tuyến,2026-01-01|2021-10-13
2026-09-09T05:46:07Z,AUDUSD,2026-09-09,5,0.2848,0.4535,0.2617,33.29,58.19,0,σ̂ + chế độ (cuộn),2026-01-01|2021-10-13
2026-09-09T05:46:07Z,AUDUSD,2026-09-09,20,0.2548,0.5735,0.1717,78.07,119.32,0,σ̂ + chế độ (cuộn),2026-01-01|2021-10-13
2026-09-09T05:46:07Z,USDCAD,2026-09-09,1,0.3361,0.2985,0.3654,15.84,50.87,0,tổ hợp trực tuyến,2026-01-01|2021-10-13
2026-09-09T05:46:07Z,USDCAD,2026-09-09,5,0.3173,0.3102,0.3725,41.58,109.8,0,σ̂ + chế độ (cuộn),2026-01-01|2021-10-13
2026-09-09T05:46:07Z,USDCAD,2026-09-09,20,0.2558,0.3605,0.3837,98.8,237.76,0,σ̂ + chế độ (cuộn),2026-01-01|2021-10-13
2026-09-09T05:46:07Z,USDCHF,2026-09-09,1,0.3504,0.2968,0.3528,12.68,36.77,1,tổ hợp trực tuyến,2026-01-01|2021-10-13
2026-09-09T05:46:07Z,USDCHF,2026-09-09,5,0.3341,0.2918,0.3741,28.87,90.65,1,σ̂ + chế độ (cuộn),2026-01-01|2021-10-13
2026-09-09T05:46:07Z,USDCHF,2026-09-09,20,0.3118,0.3685,0.3197,71.27,159.62,1,σ̂ + chế độ (cuộn),2026-01-01|2021-10-13
