date,bank
2010-01-14,ECB
2010-01-19,BOC
2010-01-26,BOJ
2010-01-27,FOMC
2010-02-02,RBA
2010-02-04,ECB
2010-02-18,BOJ
2010-03-02,BOC
2010-03-02,RBA
2010-03-04,ECB
2010-03-11,SNB
2010-03-16,FOMC
2010-03-17,BOJ
2010-04-06,RBA
2010-04-07,BOJ
2010-04-08,ECB
2010-04-20,BOC
2010-04-28,FOMC
2010-04-30,BOJ
2010-05-04,RBA
2010-05-06,ECB
2010-05-10,BOJ
2010-05-21,BOJ
2010-06-01,BOC
2010-06-01,RBA
2010-06-10,ECB
2010-06-15,BOJ
2010-06-17,SNB
2010-06-23,FOMC
2010-07-06,RBA
2010-07-08,ECB
2010-07-15,BOJ
2010-07-20,BOC
2010-08-03,RBA
2010-08-05,ECB
2010-08-10,BOJ
2010-08-10,FOMC
2010-08-30,BOJ
2010-09-02,ECB
2010-09-07,BOJ
2010-09-07,RBA
2010-09-08,BOC
2010-09-16,SNB
2010-09-21,FOMC
2010-10-05,BOJ
2010-10-05,RBA
2010-10-07,ECB
2010-10-19,BOC
2010-10-28,BOJ
2010-11-02,RBA
2010-11-03,FOMC
2010-11-04,ECB
2010-11-05,BOJ
2010-12-02,ECB
2010-12-07,BOC
2010-12-07,RBA
2010-12-14,FOMC
2010-12-16,SNB
2010-12-21,BOJ
2011-01-13,ECB
2011-01-18,BOC
2011-01-26,FOMC
2011-02-01,RBA
2011-02-03,ECB
2011-03-01,BOC
2011-03-01,RBA
2011-03-03,ECB
2011-03-15,FOMC
2011-03-17,SNB
2011-04-05,RBA
2011-04-07,ECB
2011-04-12,BOC
2011-04-27,FOMC
2011-05-03,RBA
2011-05-05,ECB
2011-05-31,BOC
2011-06-07,RBA
2011-06-09,ECB
2011-06-16,SNB
2011-06-22,FOMC
2011-07-05,RBA
2011-07-07,ECB
2011-07-19,BOC
2011-08-02,RBA
2011-08-03,SNB
2011-08-04,ECB
2011-08-09,FOMC
2011-08-10,SNB
2011-08-17,SNB
2011-09-06,RBA
2011-09-06,SNB
2011-09-07,BOC
2011-09-08,ECB
2011-09-15,SNB
2011-09-21,FOMC
2011-10-04,RBA
2011-10-06,ECB
2011-10-25,BOC
2011-11-01,RBA
2011-11-02,FOMC
2011-11-03,ECB
2011-12-06,BOC
2011-12-06,RBA
2011-12-08,ECB
2011-12-13,FOMC
2011-12-15,SNB
2012-01-12,ECB
2012-01-17,BOC
2012-01-25,FOMC
2012-02-07,RBA
2012-02-09,ECB
2012-03-06,RBA
2012-03-08,BOC
2012-03-08,ECB
2012-03-13,FOMC
2012-03-15,SNB
2012-04-03,RBA
2012-04-04,ECB
2012-04-17,BOC
2012-04-25,FOMC
2012-05-01,RBA
2012-05-03,ECB
2012-06-05,BOC
2012-06-05,RBA
2012-06-06,ECB
2012-06-14,SNB
2012-06-20,FOMC
2012-07-03,RBA
2012-07-05,ECB
2012-07-17,BOC
2012-08-01,FOMC
2012-08-02,ECB
2012-08-07,RBA
2012-09-04,RBA
2012-09-05,BOC
2012-09-06,ECB
2012-09-13,FOMC
2012-09-13,SNB
2012-10-02,RBA
2012-10-04,ECB
2012-10-23,BOC
2012-10-24,FOMC
2012-11-06,RBA
2012-11-08,ECB
2012-12-04,BOC
2012-12-04,RBA
2012-12-06,ECB
2012-12-12,FOMC
2012-12-13,SNB
2013-01-10,ECB
2013-01-23,BOC
2013-01-30,FOMC
2013-02-05,RBA
2013-02-07,ECB
2013-03-05,RBA
2013-03-06,BOC
2013-03-07,ECB
2013-03-14,SNB
2013-03-20,FOMC
2013-04-02,RBA
2013-04-04,ECB
2013-04-17,BOC
2013-05-01,FOMC
2013-05-02,ECB
2013-05-07,RBA
2013-05-29,BOC
2013-06-04,RBA
2013-06-06,ECB
2013-06-19,FOMC
2013-06-20,SNB
2013-07-02,RBA
2013-07-04,ECB
2013-07-17,BOC
2013-07-31,FOMC
2013-08-01,ECB
2013-08-06,RBA
2013-09-03,RBA
2013-09-04,BOC
2013-09-05,ECB
2013-09-18,FOMC
2013-09-19,SNB
2013-10-01,RBA
2013-10-02,ECB
2013-10-23,BOC
2013-10-30,FOMC
2013-11-05,RBA
2013-11-07,ECB
2013-12-03,RBA
2013-12-04,BOC
2013-12-05,ECB
2013-12-12,SNB
2013-12-18,FOMC
2014-01-09,ECB
2014-01-22,BOC
2014-01-29,FOMC
2014-02-04,RBA
2014-02-06,ECB
2014-03-04,RBA
2014-03-05,BOC
2014-03-06,ECB
2014-03-19,FOMC
2014-03-20,SNB
2014-04-01,RBA
2014-04-03,ECB
2014-04-16,BOC
2014-04-30,FOMC
2014-05-06,RBA
2014-05-08,ECB
2014-06-03,RBA
2014-06-04,BOC
2014-06-05,ECB
2014-06-18,FOMC
2014-06-19,SNB
2014-07-01,RBA
2014-07-03,ECB
2014-07-16,BOC
2014-07-30,FOMC
2014-08-05,RBA
2014-08-07,ECB
2014-09-02,RBA
2014-09-03,BOC
2014-09-04,ECB
2014-09-17,FOMC
2014-09-18,SNB
2014-10-02,ECB
2014-10-07,RBA
2014-10-22,BOC
2014-10-29,FOMC
2014-11-04,RBA
2014-11-06,ECB
2014-12-02,RBA
2014-12-03,BOC
2014-12-04,ECB
2014-12-11,SNB
2014-12-17,FOMC
2014-12-18,SNB
2015-01-15,SNB
2015-01-21,BOC
2015-01-21,BOJ
2015-01-22,ECB
2015-01-28,FOMC
2015-02-03,RBA
2015-02-18,BOJ
2015-03-03,RBA
2015-03-04,BOC
2015-03-05,BOE
2015-03-05,ECB
2015-03-17,BOJ
2015-03-18,FOMC
2015-03-19,SNB
2015-04-07,RBA
2015-04-08,BOJ
2015-04-09,BOE
2015-04-15,BOC
2015-04-15,ECB
2015-04-29,FOMC
2015-04-30,BOJ
2015-05-05,RBA
2015-05-11,BOE
2015-05-22,BOJ
2015-05-27,BOC
2015-06-02,RBA
2015-06-03,ECB
2015-06-04,BOE
2015-06-17,FOMC
2015-06-18,SNB
2015-06-19,BOJ
2015-07-07,RBA
2015-07-09,BOE
2015-07-15,BOC
2015-07-15,BOJ
2015-07-16,ECB
2015-07-29,FOMC
2015-08-04,RBA
2015-08-06,BOE
2015-08-07,BOJ
2015-09-01,RBA
2015-09-03,ECB
2015-09-09,BOC
2015-09-10,BOE
2015-09-15,BOJ
2015-09-17,FOMC
2015-09-17,SNB
2015-10-06,RBA
2015-10-07,BOJ
2015-10-08,BOE
2015-10-21,BOC
2015-10-22,ECB
2015-10-28,FOMC
2015-10-30,BOJ
2015-11-03,RBA
2015-11-05,BOE
2015-11-19,BOJ
2015-12-01,RBA
2015-12-02,BOC
2015-12-03,ECB
2015-12-10,BOE
2015-12-10,SNB
2015-12-16,FOMC
2015-12-18,BOJ
2016-01-14,BOE
2016-01-20,BOC
2016-01-21,ECB
2016-01-27,FOMC
2016-01-29,BOJ
2016-02-02,RBA
2016-02-04,BOE
2016-03-01,RBA
2016-03-09,BOC
2016-03-10,ECB
2016-03-15,BOJ
2016-03-16,FOMC
2016-03-17,BOE
2016-03-17,SNB
2016-04-05,RBA
2016-04-13,BOC
2016-04-14,BOE
2016-04-21,ECB
2016-04-27,FOMC
2016-04-28,BOJ
2016-05-03,RBA
2016-05-12,BOE
2016-05-25,BOC
2016-06-02,ECB
2016-06-07,RBA
2016-06-15,FOMC
2016-06-16,BOE
2016-06-16,BOJ
2016-06-16,SNB
2016-07-05,RBA
2016-07-13,BOC
2016-07-14,BOE
2016-07-21,ECB
2016-07-27,FOMC
2016-07-29,BOJ
2016-08-02,RBA
2016-08-04,BOE
2016-09-06,RBA
2016-09-07,BOC
2016-09-08,ECB
2016-09-15,BOE
2016-09-15,SNB
2016-09-21,BOJ
2016-09-21,FOMC
2016-10-04,RBA
2016-10-19,BOC
2016-10-20,ECB
2016-11-01,BOJ
2016-11-01,RBA
2016-11-02,FOMC
2016-11-03,BOE
2016-12-06,RBA
2016-12-07,BOC
2016-12-08,ECB
2016-12-14,FOMC
2016-12-15,BOE
2016-12-15,SNB
2016-12-20,BOJ
2017-01-18,BOC
2017-01-19,ECB
2017-01-31,BOJ
2017-02-01,FOMC
2017-02-02,BOE
2017-02-07,RBA
2017-03-01,BOC
2017-03-07,RBA
2017-03-09,ECB
2017-03-15,FOMC
2017-03-16,BOE
2017-03-16,BOJ
2017-03-16,SNB
2017-04-04,RBA
2017-04-12,BOC
2017-04-27,BOJ
2017-04-27,ECB
2017-05-02,RBA
2017-05-03,FOMC
2017-05-11,BOE
2017-05-24,BOC
2017-06-06,RBA
2017-06-08,ECB
2017-06-14,FOMC
2017-06-15,BOE
2017-06-15,SNB
2017-06-16,BOJ
2017-07-04,RBA
2017-07-12,BOC
2017-07-20,BOJ
2017-07-20,ECB
2017-07-26,FOMC
2017-08-01,RBA
2017-08-03,BOE
2017-09-05,RBA
2017-09-06,BOC
2017-09-07,ECB
2017-09-14,BOE
2017-09-14,SNB
2017-09-20,FOMC
2017-09-21,BOJ
2017-10-03,RBA
2017-10-25,BOC
2017-10-26,ECB
2017-10-31,BOJ
2017-11-01,FOMC
2017-11-02,BOE
2017-11-07,RBA
2017-12-05,RBA
2017-12-06,BOC
2017-12-13,FOMC
2017-12-14,BOE
2017-12-14,ECB
2017-12-14,SNB
2017-12-21,BOJ
2018-01-17,BOC
2018-01-23,BOJ
2018-01-25,ECB
2018-01-31,FOMC
2018-02-06,RBA
2018-02-08,BOE
2018-03-06,RBA
2018-03-07,BOC
2018-03-08,ECB
2018-03-09,BOJ
2018-03-15,SNB
2018-03-21,FOMC
2018-03-22,BOE
2018-04-03,RBA
2018-04-18,BOC
2018-04-26,ECB
2018-04-27,BOJ
2018-05-01,RBA
2018-05-02,FOMC
2018-05-10,BOE
2018-05-30,BOC
2018-06-05,RBA
2018-06-13,FOMC
2018-06-14,ECB
2018-06-15,BOJ
2018-06-21,BOE
2018-06-21,SNB
2018-07-03,RBA
2018-07-11,BOC
2018-07-26,ECB
2018-07-31,BOJ
2018-08-01,FOMC
2018-08-02,BOE
2018-08-07,RBA
2018-09-04,RBA
2018-09-05,BOC
2018-09-13,BOE
2018-09-13,ECB
2018-09-19,BOJ
2018-09-20,SNB
2018-09-26,FOMC
2018-10-02,RBA
2018-10-24,BOC
2018-10-25,ECB
2018-10-31,BOJ
2018-11-01,BOE
2018-11-06,RBA
2018-11-08,FOMC
2018-12-04,RBA
2018-12-05,BOC
2018-12-13,ECB
2018-12-13,SNB
2018-12-19,FOMC
2018-12-20,BOE
2018-12-20,BOJ
2019-01-09,BOC
2019-01-23,BOJ
2019-01-24,ECB
2019-01-30,FOMC
2019-02-05,RBA
2019-02-07,BOE
2019-03-05,RBA
2019-03-06,BOC
2019-03-07,ECB
2019-03-15,BOJ
2019-03-20,FOMC
2019-03-21,BOE
2019-03-21,SNB
2019-04-02,RBA
2019-04-10,ECB
2019-04-24,BOC
2019-04-25,BOJ
2019-05-01,FOMC
2019-05-02,BOE
2019-05-07,RBA
2019-05-29,BOC
2019-06-04,RBA
2019-06-06,ECB
2019-06-13,SNB
2019-06-19,FOMC
2019-06-20,BOE
2019-06-20,BOJ
2019-07-02,RBA
2019-07-10,BOC
2019-07-25,ECB
2019-07-30,BOJ
2019-07-31,FOMC
2019-08-01,BOE
2019-08-06,RBA
2019-09-03,RBA
2019-09-04,BOC
2019-09-12,ECB
2019-09-18,FOMC
2019-09-19,BOE
2019-09-19,BOJ
2019-09-19,SNB
2019-10-01,RBA
2019-10-24,ECB
2019-10-30,BOC
2019-10-30,FOMC
2019-10-31,BOJ
2019-11-05,RBA
2019-11-07,BOE
2019-12-03,RBA
2019-12-04,BOC
2019-12-11,FOMC
2019-12-12,ECB
2019-12-12,SNB
2019-12-19,BOE
2019-12-19,BOJ
2020-01-21,BOJ
2020-01-22,BOC
2020-01-23,ECB
2020-01-29,FOMC
2020-01-30,BOE
2020-02-04,RBA
2020-03-03,FOMC
2020-03-03,RBA
2020-03-04,BOC
2020-03-12,ECB
2020-03-15,FOMC
2020-03-16,BOJ
2020-03-18,ECB
2020-03-19,RBA
2020-03-19,SNB
2020-03-26,BOE
2020-04-07,RBA
2020-04-15,BOC
2020-04-27,BOJ
2020-04-29,FOMC
2020-04-30,ECB
2020-05-05,RBA
2020-05-07,BOE
2020-05-22,BOJ
2020-06-02,RBA
2020-06-03,BOC
2020-06-04,ECB
2020-06-10,FOMC
2020-06-16,BOJ
2020-06-18,BOE
2020-06-18,SNB
2020-07-07,RBA
2020-07-15,BOC
2020-07-15,BOJ
2020-07-16,ECB
2020-07-29,FOMC
2020-08-04,RBA
2020-08-06,BOE
2020-09-01,RBA
2020-09-09,BOC
2020-09-10,ECB
2020-09-16,FOMC
2020-09-17,BOE
2020-09-17,BOJ
2020-09-24,SNB
2020-10-06,RBA
2020-10-28,BOC
2020-10-29,BOJ
2020-10-29,ECB
2020-11-03,RBA
2020-11-05,BOE
2020-11-05,FOMC
2020-12-01,RBA
2020-12-09,BOC
2020-12-10,ECB
2020-12-16,FOMC
2020-12-17,BOE
2020-12-17,SNB
2020-12-18,BOJ
2021-01-20,BOC
2021-01-21,BOJ
2021-01-21,ECB
2021-01-27,FOMC
2021-02-02,RBA
2021-02-04,BOE
2021-03-02,RBA
2021-03-10,BOC
2021-03-11,ECB
2021-03-17,FOMC
2021-03-18,BOE
2021-03-19,BOJ
2021-03-25,SNB
2021-04-06,RBA
2021-04-21,BOC
2021-04-22,ECB
2021-04-27,BOJ
2021-04-28,FOMC
2021-05-04,RBA
2021-05-06,BOE
2021-06-01,RBA
2021-06-09,BOC
2021-06-10,ECB
2021-06-16,FOMC
2021-06-17,SNB
2021-06-18,BOJ
2021-06-24,BOE
2021-07-06,RBA
2021-07-14,BOC
2021-07-16,BOJ
2021-07-22,ECB
2021-07-28,FOMC
2021-08-03,RBA
2021-08-05,BOE
2021-09-07,RBA
2021-09-08,BOC
2021-09-09,ECB
2021-09-22,BOJ
2021-09-22,FOMC
2021-09-23,BOE
2021-09-23,SNB
2021-10-05,RBA
2021-10-27,BOC
2021-10-28,BOJ
2021-10-28,ECB
2021-11-02,RBA
2021-11-03,FOMC
2021-11-04,BOE
2021-12-07,RBA
2021-12-08,BOC
2021-12-15,FOMC
2021-12-16,BOE
2021-12-16,ECB
2021-12-16,SNB
2021-12-17,BOJ
2022-01-18,BOJ
2022-01-26,BOC
2022-01-26,FOMC
2022-02-01,RBA
2022-02-03,BOE
2022-02-03,ECB
2022-03-01,RBA
2022-03-02,BOC
2022-03-10,ECB
2022-03-16,FOMC
2022-03-17,BOE
2022-03-18,BOJ
2022-03-24,SNB
2022-04-05,RBA
2022-04-13,BOC
2022-04-14,ECB
2022-04-28,BOJ
2022-05-03,RBA
2022-05-04,FOMC
2022-05-05,BOE
2022-06-01,BOC
2022-06-07,RBA
2022-06-09,ECB
2022-06-15,FOMC
2022-06-16,BOE
2022-06-16,SNB
2022-06-17,BOJ
2022-07-05,RBA
2022-07-13,BOC
2022-07-21,BOJ
2022-07-21,ECB
2022-07-27,FOMC
2022-08-02,RBA
2022-08-04,BOE
2022-09-06,RBA
2022-09-07,BOC
2022-09-08,ECB
2022-09-15,BOE
2022-09-21,FOMC
2022-09-22,BOJ
2022-09-22,SNB
2022-10-04,RBA
2022-10-26,BOC
2022-10-27,ECB
2022-10-28,BOJ
2022-11-01,RBA
2022-11-02,FOMC
2022-11-03,BOE
2022-12-06,RBA
2022-12-07,BOC
2022-12-14,FOMC
2022-12-15,BOE
2022-12-15,ECB
2022-12-15,SNB
2022-12-20,BOJ
2023-01-18,BOJ
2023-01-25,BOC
2023-02-01,FOMC
2023-02-02,BOE
2023-02-02,ECB
2023-02-07,RBA
2023-03-07,RBA
2023-03-08,BOC
2023-03-10,BOJ
2023-03-16,ECB
2023-03-22,FOMC
2023-03-23,BOE
2023-03-23,SNB
2023-04-04,RBA
2023-04-12,BOC
2023-04-28,BOJ
2023-05-02,RBA
2023-05-03,FOMC
2023-05-04,ECB
2023-05-11,BOE
2023-06-06,RBA
2023-06-07,BOC
2023-06-14,FOMC
2023-06-15,ECB
2023-06-16,BOJ
2023-06-22,BOE
2023-06-22,SNB
2023-07-04,RBA
2023-07-12,BOC
2023-07-26,FOMC
2023-07-27,ECB
2023-07-28,BOJ
2023-08-01,RBA
2023-08-03,BOE
2023-09-05,RBA
2023-09-06,BOC
2023-09-14,ECB
2023-09-20,FOMC
2023-09-21,BOE
2023-09-21,SNB
2023-09-22,BOJ
2023-10-03,RBA
2023-10-25,BOC
2023-10-26,ECB
2023-10-31,BOJ
2023-11-01,FOMC
2023-11-02,BOE
2023-11-07,RBA
2023-12-05,RBA
2023-12-06,BOC
2023-12-13,FOMC
2023-12-14,BOE
2023-12-14,ECB
2023-12-14,SNB
2023-12-19,BOJ
2024-01-23,BOJ
2024-01-24,BOC
2024-01-25,ECB
2024-01-31,FOMC
2024-02-01,BOE
2024-02-06,RBA
2024-03-06,BOC
2024-03-07,ECB
2024-03-19,BOJ
2024-03-19,RBA
2024-03-20,FOMC
2024-03-21,BOE
2024-03-21,SNB
2024-04-10,BOC
2024-04-11,ECB
2024-04-26,BOJ
2024-05-01,FOMC
2024-05-07,RBA
2024-05-09,BOE
2024-06-05,BOC
2024-06-06,ECB
2024-06-12,FOMC
2024-06-14,BOJ
2024-06-18,RBA
2024-06-20,BOE
2024-06-20,SNB
2024-07-18,ECB
2024-07-24,BOC
2024-07-31,BOJ
2024-07-31,FOMC
2024-08-01,BOE
2024-08-06,RBA
2024-09-04,BOC
2024-09-12,ECB
2024-09-18,FOMC
2024-09-19,BOE
2024-09-20,BOJ
2024-09-24,RBA
2024-09-26,SNB
2024-10-17,ECB
2024-10-23,BOC
2024-10-31,BOJ
2024-11-05,RBA
2024-11-07,BOE
2024-11-07,FOMC
2024-12-10,RBA
2024-12-11,BOC
2024-12-12,ECB
2024-12-12,SNB
2024-12-18,FOMC
2024-12-19,BOE
2024-12-19,BOJ
2025-01-24,BOJ
2025-01-29,BOC
2025-01-29,FOMC
2025-01-30,ECB
2025-02-06,BOE
2025-02-18,RBA
2025-03-06,ECB
2025-03-12,BOC
2025-03-19,BOJ
2025-03-19,FOMC
2025-03-20,BOE
2025-03-20,SNB
2025-04-01,RBA
2025-04-16,BOC
2025-04-17,ECB
2025-05-01,BOJ
2025-05-07,FOMC
2025-05-08,BOE
2025-05-20,RBA
2025-06-04,BOC
2025-06-05,ECB
2025-06-17,BOJ
2025-06-18,FOMC
2025-06-19,BOE
2025-06-19,SNB
2025-07-08,RBA
2025-07-24,ECB
2025-07-30,BOC
2025-07-30,FOMC
2025-07-31,BOJ
2025-08-07,BOE
2025-08-12,RBA
2025-09-11,ECB
2025-09-17,BOC
2025-09-17,FOMC
2025-09-18,BOE
2025-09-19,BOJ
2025-09-25,SNB
2025-09-30,RBA
2025-10-29,BOC
2025-10-29,FOMC
2025-10-30,BOJ
2025-10-30,ECB
2025-11-04,RBA
2025-11-06,BOE
2025-12-09,RBA
2025-12-10,BOC
2025-12-10,FOMC
2025-12-11,SNB
2025-12-18,BOE
2025-12-18,ECB
2025-12-19,BOJ
2026-01-23,BOJ
2026-01-28,BOC
2026-01-28,FOMC
2026-02-03,RBA
2026-02-05,BOE
2026-02-05,ECB
2026-03-17,RBA
2026-03-18,BOC
2026-03-18,FOMC
2026-03-19,BOE
2026-03-19,BOJ
2026-03-19,ECB
2026-03-19,SNB
2026-04-28,BOJ
2026-04-29,BOC
2026-04-29,FOMC
2026-04-30,BOE
2026-04-30,ECB
2026-05-05,RBA
2026-06-10,BOC
2026-06-11,ECB
2026-06-16,BOJ
2026-06-16,RBA
2026-06-17,FOMC
2026-06-18,BOE
2026-06-18,SNB
2026-07-15,BOC
2026-07-23,ECB
2026-07-29,FOMC
2026-07-30,BOE
2026-07-31,BOJ
2026-08-11,RBA
2026-09-02,BOC
2026-09-10,ECB
2026-09-16,FOMC
2026-09-17,BOE
2026-09-18,BOJ
2026-09-29,RBA
2026-10-28,BOC
2026-10-28,FOMC
2026-10-29,ECB
2026-10-30,BOJ
2026-11-03,RBA
2026-11-05,BOE
2026-12-08,RBA
2026-12-09,BOC
2026-12-09,FOMC
2026-12-17,BOE
2026-12-17,ECB
2026-12-18,BOJ
