regime,pair,hour,spread_med,spread_p95,spread_p99,n_ticks,n_obs
post2015,AUDUSD,0,0.905,1.205,1.905,2220.0,591
post2015,AUDUSD,1,0.905,1.205,1.805,2890.0,591
post2015,AUDUSD,2,0.905,1.205,1.805,2179.0,591
post2015,AUDUSD,3,0.905,1.205,1.795,1708.0,591
post2015,AUDUSD,4,0.905,1.205,1.795,1416.0,590
post2015,AUDUSD,5,0.905,1.205,1.795,1819.0,587
post2015,AUDUSD,6,0.905,1.205,1.795,2340.0,588
post2015,AUDUSD,7,0.905,1.105,1.705,2857.5,588
post2015,AUDUSD,8,0.905,1.195,1.605,2780.0,587
post2015,AUDUSD,9,0.905,1.105,1.605,2213.0,587
post2015,AUDUSD,10,0.905,1.105,1.605,2000.0,587
post2015,AUDUSD,11,0.905,1.195,1.605,2107.5,586
post2015,AUDUSD,12,0.905,1.205,1.705,3117.0,587
post2015,AUDUSD,13,0.905,1.205,1.705,4229.0,587
post2015,AUDUSD,14,0.905,1.205,1.668,4699.0,587
post2015,AUDUSD,15,0.905,1.195,1.705,3981.5,586
post2015,AUDUSD,16,0.905,1.205,1.685,2873.0,585
post2015,AUDUSD,17,0.905,1.205,1.705,2309.0,585
post2015,AUDUSD,18,0.905,1.205,1.795,2042.0,585
post2015,AUDUSD,19,0.995,1.205,2.305,1850.0,585
post2015,AUDUSD,20,0.995,1.405,6.499,1149.5,572
post2015,AUDUSD,21,1.705,3.15,8.005,795.5,512
post2015,AUDUSD,22,1.295,2.105,6.495,751.0,469
post2015,AUDUSD,23,0.995,1.405,2.405,1184.0,469
post2015,EURUSD,0,0.395,0.505,0.895,2196.0,591
post2015,EURUSD,1,0.395,0.505,0.805,2582.0,591
post2015,EURUSD,2,0.295,0.505,0.805,1975.0,591
post2015,EURUSD,3,0.305,0.505,0.805,1650.0,591
post2015,EURUSD,4,0.295,0.505,0.805,1463.5,590
post2015,EURUSD,5,0.295,0.505,0.805,1732.0,588
post2015,EURUSD,6,0.295,0.495,0.805,2984.5,588
post2015,EURUSD,7,0.295,0.405,0.705,4431.0,588
post2015,EURUSD,8,0.295,0.405,0.705,4672.0,587
post2015,EURUSD,9,0.295,0.405,0.705,3936.0,587
post2015,EURUSD,10,0.295,0.405,0.705,3470.0,587
post2015,EURUSD,11,0.295,0.405,0.705,3528.0,587
post2015,EURUSD,12,0.295,0.405,0.802,4930.0,587
post2015,EURUSD,13,0.295,0.405,0.705,6313.0,587
post2015,EURUSD,14,0.295,0.405,0.705,6824.0,587
post2015,EURUSD,15,0.295,0.405,0.705,5553.0,587
post2015,EURUSD,16,0.295,0.405,0.705,4059.0,587
post2015,EURUSD,17,0.295,0.405,0.705,3071.0,586
post2015,EURUSD,18,0.295,0.405,0.805,2674.0,587
post2015,EURUSD,19,0.295,0.405,1.172,2421.5,586
post2015,EURUSD,20,0.395,0.595,4.198,1775.5,574
post2015,EURUSD,21,0.805,1.905,5.005,1242.0,513
post2015,EURUSD,22,0.705,1.405,4.995,959.5,470
post2015,EURUSD,23,0.405,0.705,1.505,1138.5,470
post2015,GBPUSD,0,0.995,1.295,2.8,2458.0,591
post2015,GBPUSD,1,0.995,1.295,2.695,2904.0,591
post2015,GBPUSD,2,0.905,1.205,2.105,2249.0,591
post2015,GBPUSD,3,0.905,1.205,2.205,1980.0,591
post2015,GBPUSD,4,0.905,1.205,2.405,1822.0,590
post2015,GBPUSD,5,0.905,1.205,2.105,2190.5,588
post2015,GBPUSD,6,0.895,1.195,1.995,3260.5,588
post2015,GBPUSD,7,0.805,1.105,1.805,4339.0,588
post2015,GBPUSD,8,0.795,1.095,1.705,4489.0,587
post2015,GBPUSD,9,0.795,1.095,1.605,3842.0,587
post2015,GBPUSD,10,0.795,1.095,1.705,3490.0,587
post2015,GBPUSD,11,0.795,1.005,1.705,3638.0,587
post2015,GBPUSD,12,0.795,1.105,1.705,4910.0,587
post2015,GBPUSD,13,0.795,1.105,1.705,5987.0,587
post2015,GBPUSD,14,0.795,1.105,1.605,6650.0,587
post2015,GBPUSD,15,0.795,1.095,1.595,5514.0,587
post2015,GBPUSD,16,0.795,1.095,1.705,4104.0,587
post2015,GBPUSD,17,0.805,1.105,1.805,3252.5,586
post2015,GBPUSD,18,0.805,1.105,2.105,2875.5,586
post2015,GBPUSD,19,0.805,1.105,2.872,2565.0,586
post2015,GBPUSD,20,0.905,1.405,8.005,1863.0,573
post2015,GBPUSD,21,1.705,3.995,10.495,1557.0,513
post2015,GBPUSD,22,1.705,3.595,9.955,1066.0,471
post2015,GBPUSD,23,1.105,1.595,4.395,1247.0,470
post2015,USDCAD,0,1.295,1.505,2.495,2307.0,591
post2015,USDCAD,1,1.295,1.505,2.405,2913.0,591
post2015,USDCAD,2,1.295,1.505,2.405,2275.0,591
post2015,USDCAD,3,1.205,1.495,2.405,1864.0,591
post2015,USDCAD,4,1.295,1.495,2.405,1602.5,590
post2015,USDCAD,5,1.205,1.495,2.405,1988.0,588
post2015,USDCAD,6,1.205,1.405,2.405,2603.0,588
post2015,USDCAD,7,1.195,1.405,2.295,3343.0,588
post2015,USDCAD,8,1.195,1.405,2.205,3517.0,587
post2015,USDCAD,9,1.195,1.405,2.202,2975.0,587
post2015,USDCAD,10,1.195,1.405,2.168,2741.0,587
post2015,USDCAD,11,1.195,1.395,2.195,2946.0,587
post2015,USDCAD,12,1.195,1.405,2.105,4467.0,587
post2015,USDCAD,13,1.105,1.305,2.168,6035.0,587
post2015,USDCAD,14,1.105,1.295,2.105,6486.0,587
post2015,USDCAD,15,1.105,1.295,2.105,5641.0,587
post2015,USDCAD,16,1.105,1.295,2.105,4179.0,585
post2015,USDCAD,17,1.105,1.295,2.205,3322.0,585
post2015,USDCAD,18,1.105,1.295,2.304,3181.5,584
post2015,USDCAD,19,1.105,1.305,3.19,2981.5,584
post2015,USDCAD,20,1.205,1.75,8.005,1980.5,572
post2015,USDCAD,21,2.295,4.605,11.1,1100.0,511
post2015,USDCAD,22,1.895,3.105,9.855,766.0,470
post2015,USDCAD,23,1.495,1.995,3.805,1132.5,470
post2015,USDCHF,0,0.995,1.295,2.3,1514.0,591
post2015,USDCHF,1,0.995,1.205,2.195,1676.5,590
post2015,USDCHF,2,0.995,1.205,1.995,1264.0,591
post2015,USDCHF,3,0.995,1.205,2.105,1058.0,591
post2015,USDCHF,4,0.995,1.205,1.905,982.0,590
post2015,USDCHF,5,0.905,1.205,1.905,1239.5,588
post2015,USDCHF,6,0.895,1.105,1.995,2063.0,588
post2015,USDCHF,7,0.805,1.095,1.995,3028.5,588
post2015,USDCHF,8,0.805,1.005,1.905,3097.0,587
post2015,USDCHF,9,0.795,0.995,1.805,2615.0,587
post2015,USDCHF,10,0.795,0.995,1.868,2360.0,587
post2015,USDCHF,11,0.795,0.995,1.872,2406.0,586
post2015,USDCHF,12,0.805,1.105,1.905,3376.0,587
post2015,USDCHF,13,0.805,1.095,1.802,4423.0,587
post2015,USDCHF,14,0.805,1.095,1.805,4786.0,587
post2015,USDCHF,15,0.805,1.005,1.868,3780.0,587
post2015,USDCHF,16,0.805,1.095,1.795,2659.0,584
post2015,USDCHF,17,0.895,1.095,1.905,1992.0,585
post2015,USDCHF,18,0.895,1.095,2.102,1722.0,586
post2015,USDCHF,19,0.905,1.105,2.88,1476.5,586
post2015,USDCHF,20,0.995,1.495,10.11,1200.5,574
post2015,USDCHF,21,2.105,4.305,14.101,1120.0,513
post2015,USDCHF,22,1.905,4.105,13.855,885.0,471
post2015,USDCHF,23,1.15,1.605,4.955,940.5,470
post2015,USDJPY,0,0.605,0.905,1.4,5808.0,591
post2015,USDJPY,1,0.605,0.905,1.405,5293.0,591
post2015,USDJPY,2,0.605,0.895,1.4,3987.0,591
post2015,USDJPY,3,0.605,0.895,1.405,3535.0,591
post2015,USDJPY,4,0.605,0.805,1.305,3422.5,590
post2015,USDJPY,5,0.605,0.805,1.305,3733.5,588
post2015,USDJPY,6,0.605,0.805,1.305,4907.0,588
post2015,USDJPY,7,0.505,0.805,1.205,5859.0,588
post2015,USDJPY,8,0.505,0.795,1.095,5523.0,587
post2015,USDJPY,9,0.495,0.795,1.095,4699.0,587
post2015,USDJPY,10,0.505,0.795,1.095,4128.0,587
post2015,USDJPY,11,0.505,0.795,1.175,4471.0,587
post2015,USDJPY,12,0.605,0.805,1.305,6391.0,587
post2015,USDJPY,13,0.605,0.805,1.295,8024.0,587
post2015,USDJPY,14,0.505,0.805,1.205,8067.0,586
post2015,USDJPY,15,0.505,0.795,1.105,6795.5,586
post2015,USDJPY,16,0.505,0.795,1.095,5063.0,583
post2015,USDJPY,17,0.605,0.805,1.105,3894.5,584
post2015,USDJPY,18,0.605,0.805,1.305,3579.0,585
post2015,USDJPY,19,0.605,0.805,1.705,3022.0,585
post2015,USDJPY,20,0.705,1.205,7.05,2346.0,571
post2015,USDJPY,21,1.3,2.705,14.005,1564.0,512
post2015,USDJPY,22,1.095,2.25,10.525,1698.0,468
post2015,USDJPY,23,0.795,1.105,2.405,2731.5,470
pre2015,AUDUSD,0,2.495,2.505,5.005,909.5,132
pre2015,AUDUSD,1,2.495,2.505,5.005,849.5,132
pre2015,AUDUSD,2,2.495,2.505,5.005,689.5,132
pre2015,AUDUSD,3,2.495,2.505,5.005,638.5,132
pre2015,AUDUSD,4,2.995,3.005,5.005,591.0,132
pre2015,AUDUSD,5,2.995,3.005,5.005,680.0,131
pre2015,AUDUSD,6,2.995,3.005,5.005,875.0,131
pre2015,AUDUSD,7,2.995,3.005,5.005,1005.0,131
pre2015,AUDUSD,8,2.995,3.005,5.005,1105.0,131
pre2015,AUDUSD,9,2.995,3.005,5.005,933.0,131
pre2015,AUDUSD,10,2.995,3.005,5.005,843.0,131
pre2015,AUDUSD,11,2.995,3.005,5.005,835.0,131
pre2015,AUDUSD,12,2.995,3.995,5.005,1057.0,131
pre2015,AUDUSD,13,2.995,3.995,5.005,1249.0,131
pre2015,AUDUSD,14,2.995,3.005,5.005,1375.0,131
pre2015,AUDUSD,15,2.995,3.995,5.005,1291.0,131
pre2015,AUDUSD,16,2.995,3.995,5.005,1029.0,131
pre2015,AUDUSD,17,2.995,3.995,5.005,693.0,131
pre2015,AUDUSD,18,2.995,3.995,5.005,651.0,131
pre2015,AUDUSD,19,2.995,4.005,5.005,601.0,131
pre2015,AUDUSD,20,2.995,3.995,5.005,468.0,131
pre2015,AUDUSD,21,2.995,4.005,5.005,337.0,116
pre2015,AUDUSD,22,2.995,3.995,5.005,428.0,106
pre2015,AUDUSD,23,2.995,3.995,5.005,504.5,106
pre2015,EURUSD,0,1.85,1.85,3.005,667.0,132
pre2015,EURUSD,1,1.85,1.85,3.005,602.5,132
pre2015,EURUSD,2,1.85,1.85,3.005,464.0,132
pre2015,EURUSD,3,1.85,1.85,3.005,412.5,132
pre2015,EURUSD,4,1.995,1.995,3.005,394.0,132
pre2015,EURUSD,5,1.995,1.995,3.005,505.0,131
pre2015,EURUSD,6,1.995,1.995,3.005,790.0,131
pre2015,EURUSD,7,1.995,1.995,3.005,1069.0,131
pre2015,EURUSD,8,1.995,1.995,3.005,1268.0,131
pre2015,EURUSD,9,1.995,1.995,3.005,1175.0,131
pre2015,EURUSD,10,1.995,1.995,3.005,1014.0,131
pre2015,EURUSD,11,1.995,1.995,3.005,1057.0,131
pre2015,EURUSD,12,1.995,2.005,3.005,1284.0,131
pre2015,EURUSD,13,1.995,1.995,3.005,1434.0,131
pre2015,EURUSD,14,1.995,1.995,3.005,1504.0,131
pre2015,EURUSD,15,1.995,1.995,3.005,1346.0,131
pre2015,EURUSD,16,1.995,1.995,3.005,1089.0,131
pre2015,EURUSD,17,1.995,1.995,3.005,688.0,131
pre2015,EURUSD,18,1.995,1.995,3.005,627.0,131
pre2015,EURUSD,19,1.995,1.995,3.005,528.0,131
pre2015,EURUSD,20,1.995,1.995,3.005,434.0,131
pre2015,EURUSD,21,1.995,1.995,3.005,321.0,116
pre2015,EURUSD,22,1.995,1.995,3.005,340.0,106
pre2015,EURUSD,23,1.995,1.995,3.005,365.5,106
pre2015,GBPUSD,0,2.995,3.5,7.005,696.5,132
pre2015,GBPUSD,1,2.995,3.5,7.005,623.5,132
pre2015,GBPUSD,2,2.995,3.5,7.005,494.0,132
pre2015,GBPUSD,3,2.995,3.5,7.005,451.0,132
pre2015,GBPUSD,4,2.995,3.995,7.005,459.0,132
pre2015,GBPUSD,5,2.995,3.995,7.005,499.0,131
pre2015,GBPUSD,6,2.995,3.995,7.005,806.0,131
pre2015,GBPUSD,7,2.995,3.995,7.005,1450.0,131
pre2015,GBPUSD,8,2.995,3.995,7.005,1921.0,131
pre2015,GBPUSD,9,2.995,3.995,7.005,1694.0,131
pre2015,GBPUSD,10,2.995,3.995,7.005,1510.0,131
pre2015,GBPUSD,11,2.995,3.995,7.005,1501.0,131
pre2015,GBPUSD,12,2.995,3.995,7.005,1767.0,131
pre2015,GBPUSD,13,2.995,3.995,7.005,1962.0,131
pre2015,GBPUSD,14,2.995,3.995,7.005,1971.0,131
pre2015,GBPUSD,15,2.995,3.995,7.005,1780.0,131
pre2015,GBPUSD,16,2.995,3.995,7.005,1373.0,131
pre2015,GBPUSD,17,2.995,3.995,7.005,900.0,131
pre2015,GBPUSD,18,2.995,3.995,7.005,771.0,131
pre2015,GBPUSD,19,2.995,3.995,7.005,646.0,131
pre2015,GBPUSD,20,2.995,3.995,7.005,545.0,131
pre2015,GBPUSD,21,2.995,3.995,7.005,408.0,117
pre2015,GBPUSD,22,3.495,3.995,7.005,343.5,106
pre2015,GBPUSD,23,3.0,3.995,7.005,450.0,106
pre2015,USDCAD,0,3.495,3.5,9.005,429.0,132
pre2015,USDCAD,1,3.495,3.505,9.005,366.5,132
pre2015,USDCAD,2,3.495,3.5,9.005,316.5,132
pre2015,USDCAD,3,3.495,3.5,9.005,265.0,132
pre2015,USDCAD,4,3.995,3.995,9.005,265.5,132
pre2015,USDCAD,5,3.995,3.995,9.005,303.0,131
pre2015,USDCAD,6,3.995,3.995,9.005,496.0,131
pre2015,USDCAD,7,3.995,3.995,9.005,696.0,131
pre2015,USDCAD,8,3.995,3.995,9.005,691.0,131
pre2015,USDCAD,9,3.995,3.995,9.005,650.0,131
pre2015,USDCAD,10,2.995,3.995,9.005,655.0,131
pre2015,USDCAD,11,2.995,3.995,9.005,739.0,131
pre2015,USDCAD,12,2.995,3.995,9.005,1053.0,131
pre2015,USDCAD,13,2.995,3.995,9.005,1292.0,131
pre2015,USDCAD,14,2.995,3.995,9.005,1455.0,131
pre2015,USDCAD,15,2.995,3.995,9.005,1341.0,131
pre2015,USDCAD,16,2.995,3.995,9.005,1059.0,131
pre2015,USDCAD,17,2.995,3.995,9.005,758.0,131
pre2015,USDCAD,18,2.995,3.995,9.005,675.0,131
pre2015,USDCAD,19,3.005,3.995,9.005,621.0,131
pre2015,USDCAD,20,3.005,3.995,9.005,511.0,131
pre2015,USDCAD,21,3.0,3.995,9.005,306.0,116
pre2015,USDCAD,22,3.995,3.995,9.005,238.0,107
pre2015,USDCAD,23,3.995,3.995,9.005,266.5,106
pre2015,USDCHF,0,2.995,3.5,4.005,617.5,132
pre2015,USDCHF,1,2.995,3.5,4.45,575.0,132
pre2015,USDCHF,2,2.995,3.5,4.45,438.0,132
pre2015,USDCHF,3,2.995,3.5,4.45,410.5,132
pre2015,USDCHF,4,2.995,3.995,4.005,417.0,132
pre2015,USDCHF,5,2.995,3.995,4.005,495.0,131
pre2015,USDCHF,6,2.995,3.005,4.005,831.0,131
pre2015,USDCHF,7,2.995,3.005,4.005,1225.0,131
pre2015,USDCHF,8,2.995,3.005,4.005,1324.0,131
pre2015,USDCHF,9,2.995,3.005,4.005,1199.0,131
pre2015,USDCHF,10,2.995,3.005,4.005,1030.0,131
pre2015,USDCHF,11,2.995,3.005,4.005,1032.0,131
pre2015,USDCHF,12,2.995,3.005,4.005,1328.0,131
pre2015,USDCHF,13,2.995,3.005,4.005,1549.0,131
pre2015,USDCHF,14,2.995,3.005,4.005,1656.0,131
pre2015,USDCHF,15,2.995,3.005,4.005,1470.0,131
pre2015,USDCHF,16,2.995,3.995,4.005,1098.0,131
pre2015,USDCHF,17,2.995,3.995,4.005,726.0,131
pre2015,USDCHF,18,2.995,3.995,4.005,657.0,131
pre2015,USDCHF,19,2.995,3.995,4.005,558.0,131
pre2015,USDCHF,20,2.995,3.995,5.005,451.0,131
pre2015,USDCHF,21,2.995,3.995,5.005,347.0,119
pre2015,USDCHF,22,2.995,3.995,5.005,417.0,107
pre2015,USDCHF,23,2.995,3.995,4.995,419.5,106
pre2015,USDJPY,0,1.995,2.005,3.005,843.0,132
pre2015,USDJPY,1,1.995,2.005,3.005,706.0,132
pre2015,USDJPY,2,1.995,2.005,3.005,538.5,132
pre2015,USDJPY,3,1.995,2.005,3.005,450.0,132
pre2015,USDJPY,4,1.995,2.005,3.005,444.0,132
pre2015,USDJPY,5,1.995,2.005,3.005,554.0,131
pre2015,USDJPY,6,1.995,2.005,3.005,661.0,131
pre2015,USDJPY,7,1.995,2.005,3.005,950.0,131
pre2015,USDJPY,8,1.995,2.005,3.005,889.0,131
pre2015,USDJPY,9,1.995,2.005,3.005,752.0,131
pre2015,USDJPY,10,1.995,2.005,3.005,672.0,131
pre2015,USDJPY,11,1.995,2.005,3.005,647.0,131
pre2015,USDJPY,12,1.995,2.005,3.005,1051.0,131
pre2015,USDJPY,13,1.995,2.005,3.005,1281.0,131
pre2015,USDJPY,14,1.995,2.005,3.005,1240.0,131
pre2015,USDJPY,15,1.995,2.005,3.005,959.0,131
pre2015,USDJPY,16,1.995,2.005,3.005,627.0,131
pre2015,USDJPY,17,1.995,2.005,3.005,546.0,131
pre2015,USDJPY,18,1.995,2.005,3.005,560.0,131
pre2015,USDJPY,19,1.995,2.005,3.005,526.0,131
pre2015,USDJPY,20,1.995,2.005,3.005,387.0,131
pre2015,USDJPY,21,1.995,2.005,3.005,293.0,118
pre2015,USDJPY,22,1.995,2.005,3.005,312.0,106
pre2015,USDJPY,23,1.995,2.005,3.005,419.5,106
