experiment_id,phase,model,feature_set,pairs,train_range,valid_range,test_range,eval_segment,horizon,hyperparameters,n,accuracy,macro_f1,log_loss,brier_score,bss,calibration_error,auc_huong,notes
G1_h1_R_khí hậu học,1,khí hậu học,σ̂ (HAR vòng 7),EURUSD GBPUSD USDJPY AUDUSD USDCAD USDCHF,2012-02-14..2021-10-13,2021-10-13..2023-11-20,2023-11-20..2026-09,kiểm định,1,,3282,0.3510054844606947,0.27161070679976523,1.097849150479064,0.6661562077256113,0.0,0.004240128177691964,0.5,"mục tiêu R; KTC BSS [0.0, 0.0]"
G1_h1_R_quán tính,1,quán tính,σ̂ (HAR vòng 7),EURUSD GBPUSD USDJPY AUDUSD USDCAD USDCHF,2012-02-14..2021-10-13,2021-10-13..2023-11-20,2023-11-20..2026-09,kiểm định,1,,3282,0.33942717854966487,0.33768867465120705,1.0988866884111648,0.6668408939523149,-0.0010278163271062457,0.004990000335477941,0.499460553600681,"mục tiêu R; KTC BSS [-0.002789435788716976, 0.0004315463913595896]"
G1_h1_R_chỉ σ̂,1,chỉ σ̂,σ̂ (HAR vòng 7),EURUSD GBPUSD USDJPY AUDUSD USDCAD USDCHF,2012-02-14..2021-10-13,2021-10-13..2023-11-20,2023-11-20..2026-09,kiểm định,1,,3282,0.3190127970749543,0.2478979420038995,1.0989024963893161,0.6668602073213548,-0.00105680857969781,0.007146262013624061,0.5,"mục tiêu R; KTC BSS [-0.001986322098724941, -0.0003830704111165875]"
G1_h1_R_σ̂ + chế độ,1,σ̂ + chế độ,σ̂ (HAR vòng 7),EURUSD GBPUSD USDJPY AUDUSD USDCAD USDCHF,2012-02-14..2021-10-13,2021-10-13..2023-11-20,2023-11-20..2026-09,kiểm định,1,,3282,0.33577087141986595,0.3288536460985321,1.0992426640816042,0.6670988027264944,-0.0014149759319983524,0.002702795088767418,0.4916880713059057,"mục tiêu R; KTC BSS [-0.0026317014036070395, 4.408944466090435e-05]"
G1_h1_R_chỉ σ̂ (cuộn),1,chỉ σ̂ (cuộn),σ̂ (HAR vòng 7),EURUSD GBPUSD USDJPY AUDUSD USDCAD USDCHF,2012-02-14..2021-10-13,2021-10-13..2023-11-20,2023-11-20..2026-09,kiểm định,1,,3282,0.31992687385740404,0.2573072082533052,1.0988782429821835,0.6668438354986826,-0.001032232027708524,0.006765914335350694,0.5,"mục tiêu R; KTC BSS [-0.001966744024396239, -0.00030747090446699436]"
G1_h1_R_σ̂ + chế độ (cuộn),1,σ̂ + chế độ (cuộn),σ̂ (HAR vòng 7),EURUSD GBPUSD USDJPY AUDUSD USDCAD USDCHF,2012-02-14..2021-10-13,2021-10-13..2023-11-20,2023-11-20..2026-09,kiểm định,1,,3282,0.33790371724558194,0.3303971130922714,1.099282584578728,0.6671200682659733,-0.0014468986840980858,0.0044163606691528575,0.4654284144730005,"mục tiêu R; KTC BSS [-0.0026541687010526505, -8.072428299994491e-05]"
G1_h1_R_tổ hợp trực tuyến,1,tổ hợp trực tuyến,σ̂ (HAR vòng 7),EURUSD GBPUSD USDJPY AUDUSD USDCAD USDCHF,2012-02-14..2021-10-13,2021-10-13..2023-11-20,2023-11-20..2026-09,kiểm định,1,,3282,0.34277879341864714,0.3341588029317259,1.0988022079051643,0.6667804080627128,-0.0009370179694527803,0.00430542480955074,0.4760589728742595,"mục tiêu R; KTC BSS [-0.0022480962120920156, 0.0002335950036999847]"
G1_h1_P_khí hậu học,1,khí hậu học,σ̂ (HAR vòng 7),EURUSD GBPUSD USDJPY AUDUSD USDCAD USDCHF,2012-02-14..2021-10-13,2021-10-13..2023-11-20,2023-11-20..2026-09,kiểm định,1,,3282,0.3619744058500914,0.27770609318996414,1.0979941430344975,0.6662508699550962,0.0,0.016021562262599525,0.5,"mục tiêu P; KTC BSS [0.0, 0.0]"
G1_h1_P_quán tính,1,quán tính,σ̂ (HAR vòng 7),EURUSD GBPUSD USDJPY AUDUSD USDCAD USDCHF,2012-02-14..2021-10-13,2021-10-13..2023-11-20,2023-11-20..2026-09,kiểm định,1,,3282,0.327848872638635,0.3186387077576966,1.0990508959139518,0.6669375802023644,-0.0010307082185341265,0.01579696645312886,0.4911730605845823,"mục tiêu P; KTC BSS [-0.002602075545026028, 0.0007937860872746774]"
G1_h1_P_chỉ σ̂,1,chỉ σ̂,σ̂ (HAR vòng 7),EURUSD GBPUSD USDJPY AUDUSD USDCAD USDCHF,2012-02-14..2021-10-13,2021-10-13..2023-11-20,2023-11-20..2026-09,kiểm định,1,,3282,0.36898232784887264,0.29742367108353285,1.0867146826284761,0.6592345055893329,0.010531114752970083,0.015644969986854693,0.5,"mục tiêu P; KTC BSS [0.003909429746247345, 0.01686866613509395]"
G1_h1_P_σ̂ + chế độ,1,σ̂ + chế độ,σ̂ (HAR vòng 7),EURUSD GBPUSD USDJPY AUDUSD USDCAD USDCHF,2012-02-14..2021-10-13,2021-10-13..2023-11-20,2023-11-20..2026-09,kiểm định,1,,3282,0.3717245581962218,0.359446258925679,1.0874609305553378,0.6596968612548788,0.009837148431279474,0.01346635981271068,0.4832567440070221,"mục tiêu P; KTC BSS [0.0028287558212823447, 0.016636291757474532]"
G1_h1_P_chỉ σ̂ (cuộn),1,chỉ σ̂ (cuộn),σ̂ (HAR vòng 7),EURUSD GBPUSD USDJPY AUDUSD USDCAD USDCHF,2012-02-14..2021-10-13,2021-10-13..2023-11-20,2023-11-20..2026-09,kiểm định,1,,3282,0.36867763558805605,0.2970454240784857,1.0866559726753242,0.6591841526481207,0.01060669130150893,0.014105607937686912,0.5,"mục tiêu P; KTC BSS [0.00397048050541567, 0.016955672240784]"
G1_h1_P_σ̂ + chế độ (cuộn),1,σ̂ + chế độ (cuộn),σ̂ (HAR vòng 7),EURUSD GBPUSD USDJPY AUDUSD USDCAD USDCHF,2012-02-14..2021-10-13,2021-10-13..2023-11-20,2023-11-20..2026-09,kiểm định,1,,3282,0.37416209628275443,0.35343931689218655,1.08708042897744,0.6594089780532354,0.010269242728826677,0.011981303835787396,0.4686210635511474,"mục tiêu P; KTC BSS [0.0035086425173686707, 0.017007648052371052]"
G1_h1_P_tổ hợp trực tuyến,1,tổ hợp trực tuyến,σ̂ (HAR vòng 7),EURUSD GBPUSD USDJPY AUDUSD USDCAD USDCHF,2012-02-14..2021-10-13,2021-10-13..2023-11-20,2023-11-20..2026-09,kiểm định,1,,3282,0.37507617306520413,0.35179081911162885,1.0866321260657177,0.659150811431808,0.010656734337572749,0.013222852552364573,0.46315967349007936,"mục tiêu P; KTC BSS [0.003974198040257249, 0.016992362179545303]"
G1_h5_R_khí hậu học,1,khí hậu học,σ̂ (HAR vòng 7),EURUSD GBPUSD USDJPY AUDUSD USDCAD USDCHF,2012-02-14..2021-10-13,2021-10-13..2023-11-20,2023-11-20..2026-09,kiểm định,5,,3282,0.3668494820231566,0.3487679179421597,1.0956574104144716,0.6646862900396203,0.0,0.0032972011891641193,0.5,"mục tiêu R; KTC BSS [0.0, 0.0]"
G1_h5_R_quán tính,1,quán tính,σ̂ (HAR vòng 7),EURUSD GBPUSD USDJPY AUDUSD USDCAD USDCHF,2012-02-14..2021-10-13,2021-10-13..2023-11-20,2023-11-20..2026-09,kiểm định,5,,3282,0.3372943327239488,0.328805139202155,1.099659646366973,0.6673055467729068,-0.0039405908810459245,0.01302826437636704,0.49413085196817524,"mục tiêu R; KTC BSS [-0.006389819533863211, -0.002090265791224455]"
G1_h5_R_chỉ σ̂,1,chỉ σ̂,σ̂ (HAR vòng 7),EURUSD GBPUSD USDJPY AUDUSD USDCAD USDCHF,2012-02-14..2021-10-13,2021-10-13..2023-11-20,2023-11-20..2026-09,kiểm định,5,,3282,0.32693479585618523,0.22684849866241716,1.0983871621354584,0.6665141933638135,-0.002750024111501048,0.009560356100589548,0.5,"mục tiêu R; KTC BSS [-0.0064396405182749195, -0.0007008204364759687]"
G1_h5_R_σ̂ + chế độ,1,σ̂ + chế độ,σ̂ (HAR vòng 7),EURUSD GBPUSD USDJPY AUDUSD USDCAD USDCHF,2012-02-14..2021-10-13,2021-10-13..2023-11-20,2023-11-20..2026-09,kiểm định,5,,3282,0.3671541742839732,0.3620376355670473,1.0956899792379486,0.6646137990552534,0.00010906044769265488,0.007953919589554301,0.48907615639523344,"mục tiêu R; KTC BSS [-0.003609059176941637, 0.0015894760859226148]"
G1_h5_R_chỉ σ̂ (cuộn),1,chỉ σ̂ (cuộn),σ̂ (HAR vòng 7),EURUSD GBPUSD USDJPY AUDUSD USDCAD USDCHF,2012-02-14..2021-10-13,2021-10-13..2023-11-20,2023-11-20..2026-09,kiểm định,5,,3282,0.3330286410725168,0.21258385918040332,1.0983275499555842,0.666474761779882,-0.002690700510995958,0.00938684908055302,0.5,"mục tiêu R; KTC BSS [-0.006393710941739622, -0.0006419861856523951]"
G1_h5_R_σ̂ + chế độ (cuộn),1,σ̂ + chế độ (cuộn),σ̂ (HAR vòng 7),EURUSD GBPUSD USDJPY AUDUSD USDCAD USDCHF,2012-02-14..2021-10-13,2021-10-13..2023-11-20,2023-11-20..2026-09,kiểm định,5,,3282,0.36776355880560635,0.3633089055106104,1.095038673263588,0.664174316873524,0.0007702478203149843,0.004804711536244557,0.4673226402512586,"mục tiêu R; KTC BSS [-0.002340402787732704, 0.002602970663408454]"
G1_h5_R_tổ hợp trực tuyến,1,tổ hợp trực tuyến,σ̂ (HAR vòng 7),EURUSD GBPUSD USDJPY AUDUSD USDCAD USDCHF,2012-02-14..2021-10-13,2021-10-13..2023-11-20,2023-11-20..2026-09,kiểm định,5,,3282,0.3339427178549665,0.3258754772966694,1.0990460854040613,0.6668988506774476,-0.0033287291628887328,0.006692162386185174,0.45995184549836854,"mục tiêu R; KTC BSS [-0.0054878216541513645, -0.0018258250673021453]"
G1_h5_P_khí hậu học,1,khí hậu học,σ̂ (HAR vòng 7),EURUSD GBPUSD USDJPY AUDUSD USDCAD USDCHF,2012-02-14..2021-10-13,2021-10-13..2023-11-20,2023-11-20..2026-09,kiểm định,5,,3282,0.36867763558805605,0.28323036466749046,1.0957061297497628,0.6646963088320113,0.0,0.01536778656593196,0.5,"mục tiêu P; KTC BSS [0.0, 0.0]"
G1_h5_P_quán tính,1,quán tính,σ̂ (HAR vòng 7),EURUSD GBPUSD USDJPY AUDUSD USDCAD USDCHF,2012-02-14..2021-10-13,2021-10-13..2023-11-20,2023-11-20..2026-09,kiểm định,5,,3282,0.35313833028641073,0.35191079618523374,1.0979926642516562,0.6661500265691842,-0.002187040484288749,0.0144550016983387,0.5046742331112953,"mục tiêu P; KTC BSS [-0.005175957860884328, -0.00037644055673587986]"
G1_h5_P_chỉ σ̂,1,chỉ σ̂,σ̂ (HAR vòng 7),EURUSD GBPUSD USDJPY AUDUSD USDCAD USDCHF,2012-02-14..2021-10-13,2021-10-13..2023-11-20,2023-11-20..2026-09,kiểm định,5,,3282,0.3702010968921389,0.2990745944325803,1.0845861055594963,0.6577750596944081,0.01041264867224101,0.01527076948665352,0.5,"mục tiêu P; KTC BSS [0.0016542469175043067, 0.01805051538110951]"
G1_h5_P_σ̂ + chế độ,1,σ̂ + chế độ,σ̂ (HAR vòng 7),EURUSD GBPUSD USDJPY AUDUSD USDCAD USDCHF,2012-02-14..2021-10-13,2021-10-13..2023-11-20,2023-11-20..2026-09,kiểm định,5,,3282,0.38452163315051796,0.3804934689802109,1.0814176114105356,0.6555954451606119,0.013691762012927655,0.014917345845415122,0.5126623593203541,"mục tiêu P; KTC BSS [0.0045905431625407975, 0.020955774500991307]"
G1_h5_P_chỉ σ̂ (cuộn),1,chỉ σ̂ (cuộn),σ̂ (HAR vòng 7),EURUSD GBPUSD USDJPY AUDUSD USDCAD USDCHF,2012-02-14..2021-10-13,2021-10-13..2023-11-20,2023-11-20..2026-09,kiểm định,5,,3282,0.3732480195003047,0.30159967930737414,1.084519781667194,0.6577323726242212,0.010476869083306473,0.015119420081657368,0.5,"mục tiêu P; KTC BSS [0.001845435039753085, 0.018047871799625168]"
G1_h5_P_σ̂ + chế độ (cuộn),1,σ̂ + chế độ (cuộn),σ̂ (HAR vòng 7),EURUSD GBPUSD USDJPY AUDUSD USDCAD USDCHF,2012-02-14..2021-10-13,2021-10-13..2023-11-20,2023-11-20..2026-09,kiểm định,5,,3282,0.39366240097501526,0.39256069470504135,1.0804081738511107,0.6548790981021715,0.014769467799648717,0.013338807464400805,0.482136901188332,"mục tiêu P; KTC BSS [0.006270665238143213, 0.02271022576207039]"
G1_h5_P_tổ hợp trực tuyến,1,tổ hợp trực tuyến,σ̂ (HAR vòng 7),EURUSD GBPUSD USDJPY AUDUSD USDCAD USDCHF,2012-02-14..2021-10-13,2021-10-13..2023-11-20,2023-11-20..2026-09,kiểm định,5,,3282,0.3711151736745887,0.36726824856776236,1.0860889622137566,0.6587729035253308,0.008911446066383166,0.016111559987651684,0.4790016867263215,"mục tiêu P; KTC BSS [-0.00011692587768448163, 0.016675069846721083]"
G1_h20_R_khí hậu học,1,khí hậu học,σ̂ (HAR vòng 7),EURUSD GBPUSD USDJPY AUDUSD USDCAD USDCHF,2012-02-14..2021-10-13,2021-10-13..2023-11-20,2023-11-20..2026-09,kiểm định,20,,3282,0.4031078610603291,0.3042934093172063,1.09045037577413,0.6610932594984616,0.0,0.04524028813199906,0.5,"mục tiêu R; KTC BSS [0.0, 0.0]"
G1_h20_R_quán tính,1,quán tính,σ̂ (HAR vòng 7),EURUSD GBPUSD USDJPY AUDUSD USDCAD USDCHF,2012-02-14..2021-10-13,2021-10-13..2023-11-20,2023-11-20..2026-09,kiểm định,20,,3282,0.37873248019500305,0.37131725125927256,1.093869224924568,0.6634391824763252,-0.0035485507440256026,0.03559512885597966,0.461977169630871,"mục tiêu R; KTC BSS [-0.009172506465335633, 0.0033205563998725254]"
G1_h20_R_chỉ σ̂,1,chỉ σ̂,σ̂ (HAR vòng 7),EURUSD GBPUSD USDJPY AUDUSD USDCAD USDCHF,2012-02-14..2021-10-13,2021-10-13..2023-11-20,2023-11-20..2026-09,kiểm định,20,,3282,0.3223644119439366,0.25852095419808047,1.097376817332096,0.6659007658550341,-0.007272054717695431,0.04462536816743866,0.5,"mục tiêu R; KTC BSS [-0.014332225049095187, 0.0027719874840683137]"
G1_h20_R_σ̂ + chế độ,1,σ̂ + chế độ,σ̂ (HAR vòng 7),EURUSD GBPUSD USDJPY AUDUSD USDCAD USDCHF,2012-02-14..2021-10-13,2021-10-13..2023-11-20,2023-11-20..2026-09,kiểm định,20,,3282,0.4031078610603291,0.344340651744671,1.089912029349849,0.660753354922515,0.0005141552588276976,0.035096019124448,0.5237692044467452,"mục tiêu R; KTC BSS [-0.011178838096391492, 0.006133353906062925]"
G1_h20_R_chỉ σ̂ (cuộn),1,chỉ σ̂ (cuộn),σ̂ (HAR vòng 7),EURUSD GBPUSD USDJPY AUDUSD USDCAD USDCHF,2012-02-14..2021-10-13,2021-10-13..2023-11-20,2023-11-20..2026-09,kiểm định,20,,3282,0.3223644119439366,0.25852095419808047,1.0947187396390117,0.6641878050640411,-0.004680951622358265,0.04162882310428235,0.5,"mục tiêu R; KTC BSS [-0.011830641724620594, 0.005793171058760344]"
G1_h20_R_σ̂ + chế độ (cuộn),1,σ̂ + chế độ (cuộn),σ̂ (HAR vòng 7),EURUSD GBPUSD USDJPY AUDUSD USDCAD USDCHF,2012-02-14..2021-10-13,2021-10-13..2023-11-20,2023-11-20..2026-09,kiểm định,20,,3282,0.35131017672151127,0.31875185999895383,1.0889069427793854,0.6600086928205511,0.0016405653246766017,0.0350434977461274,0.4277601319633942,"mục tiêu R; KTC BSS [-0.008822197338379823, 0.008297876723166897]"
G1_h20_R_tổ hợp trực tuyến,1,tổ hợp trực tuyến,σ̂ (HAR vòng 7),EURUSD GBPUSD USDJPY AUDUSD USDCAD USDCHF,2012-02-14..2021-10-13,2021-10-13..2023-11-20,2023-11-20..2026-09,kiểm định,20,,3282,0.3829981718464351,0.3704427073612296,1.0930690438916955,0.6629479719080923,-0.002805523098265539,0.03590611625618922,0.43598371515560974,"mục tiêu R; KTC BSS [-0.008262505507343986, 0.0038208203271631164]"
G1_h20_P_khí hậu học,1,khí hậu học,σ̂ (HAR vòng 7),EURUSD GBPUSD USDJPY AUDUSD USDCAD USDCHF,2012-02-14..2021-10-13,2021-10-13..2023-11-20,2023-11-20..2026-09,kiểm định,20,,3282,0.40493601462522855,0.3048591054743999,1.0911250712039018,0.6615455903402269,0.0,0.04729039757207053,0.5,"mục tiêu P; KTC BSS [0.0, 0.0]"
G1_h20_P_quán tính,1,quán tính,σ̂ (HAR vòng 7),EURUSD GBPUSD USDJPY AUDUSD USDCAD USDCHF,2012-02-14..2021-10-13,2021-10-13..2023-11-20,2023-11-20..2026-09,kiểm định,20,,3282,0.3708104814137721,0.3528433284824916,1.0917442782404232,0.6622040869257203,-0.0009953910888511608,0.03665533733623013,0.4558025525427986,"mục tiêu P; KTC BSS [-0.0057509723152481705, 0.007575389098626816]"
G1_h20_P_chỉ σ̂,1,chỉ σ̂,σ̂ (HAR vòng 7),EURUSD GBPUSD USDJPY AUDUSD USDCAD USDCHF,2012-02-14..2021-10-13,2021-10-13..2023-11-20,2023-11-20..2026-09,kiểm định,20,,3282,0.350091407678245,0.28560329905621384,1.0825281215819265,0.6571902425377391,0.006583594337387866,0.04302750026234171,0.5,"mục tiêu P; KTC BSS [-0.005046587058933843, 0.027660783545159613]"
G1_h20_P_σ̂ + chế độ,1,σ̂ + chế độ,σ̂ (HAR vòng 7),EURUSD GBPUSD USDJPY AUDUSD USDCAD USDCHF,2012-02-14..2021-10-13,2021-10-13..2023-11-20,2023-11-20..2026-09,kiểm định,20,,3282,0.3829981718464351,0.3764421960248086,1.0755776749436454,0.6524877715214051,0.013691904157600687,0.03946274603360074,0.5306010644978282,"mục tiêu P; KTC BSS [0.0005261199262439036, 0.030526671003116505]"
G1_h20_P_chỉ σ̂ (cuộn),1,chỉ σ̂ (cuộn),σ̂ (HAR vòng 7),EURUSD GBPUSD USDJPY AUDUSD USDCAD USDCHF,2012-02-14..2021-10-13,2021-10-13..2023-11-20,2023-11-20..2026-09,kiểm định,20,,3282,0.3510054844606947,0.2860641223674792,1.0800975490490137,0.6555960155955061,0.008993446304526032,0.04068786938084212,0.5,"mục tiêu P; KTC BSS [-0.0010720448599590702, 0.02951920230552221]"
G1_h20_P_σ̂ + chế độ (cuộn),1,σ̂ + chế độ (cuộn),σ̂ (HAR vòng 7),EURUSD GBPUSD USDJPY AUDUSD USDCAD USDCHF,2012-02-14..2021-10-13,2021-10-13..2023-11-20,2023-11-20..2026-09,kiểm định,20,,3282,0.3607556368068251,0.3499254162928829,1.074429498110495,0.6517236691847086,0.014846930126866886,0.037475475945071425,0.439501617534332,"mục tiêu P; KTC BSS [0.004683186458460698, 0.030610011592360833]"
G1_h20_P_tổ hợp trực tuyến,1,tổ hợp trực tuyến,σ̂ (HAR vòng 7),EURUSD GBPUSD USDJPY AUDUSD USDCAD USDCHF,2012-02-14..2021-10-13,2021-10-13..2023-11-20,2023-11-20..2026-09,kiểm định,20,,3282,0.3537477148080439,0.3498672744423703,1.0844434949251973,0.6578929657438422,0.005521349775011286,0.03540572722345161,0.4071379386506256,"mục tiêu P; KTC BSS [-0.0012144362466114111, 0.018586412727342266]"
ML_R_kiem_dinh_khí hậu học,1,khí hậu học,12 đặc trưng đọc được + σ̂,EURUSD GBPUSD USDJPY AUDUSD USDCAD USDCHF,2012-02-14..2021-10-13,2021-10-13..2023-11-20,2023-11-20..2026-09,kiểm định,1,,3282,,,1.0984895435671933,0.6665844267420953,0.0,0.0037450540236576013,0.5,mục tiêu R
ML_R_kiem_dinh_chỉ σ̂,1,chỉ σ̂,12 đặc trưng đọc được + σ̂,EURUSD GBPUSD USDJPY AUDUSD USDCAD USDCHF,2012-02-14..2021-10-13,2021-10-13..2023-11-20,2023-11-20..2026-09,kiểm định,1,,3282,,,1.098900430688711,0.6668586645076963,-0.00041140739957179484,0.007104508306786698,0.5,mục tiêu R
ML_R_kiem_dinh_σ̂ + chế độ,1,σ̂ + chế độ,12 đặc trưng đọc được + σ̂,EURUSD GBPUSD USDJPY AUDUSD USDCAD USDCHF,2012-02-14..2021-10-13,2021-10-13..2023-11-20,2023-11-20..2026-09,kiểm định,1,,3282,,,1.0991786557813796,0.6670558463688724,-0.0007072166823356429,0.0022040455481860213,0.4927263171464554,mục tiêu R
ML_R_kiem_dinh_logistic đa thức,1,logistic đa thức,12 đặc trưng đọc được + σ̂,EURUSD GBPUSD USDJPY AUDUSD USDCAD USDCHF,2012-02-14..2021-10-13,2021-10-13..2023-11-20,2023-11-20..2026-09,kiểm định,1,,3282,,,1.1007280161713027,0.6679587425723027,-0.0020617280798538307,0.017204743353100203,0.5206013307815118,mục tiêu R
ML_R_kiem_dinh_LightGBM 3 lớp,1,LightGBM 3 lớp,12 đặc trưng đọc được + σ̂,EURUSD GBPUSD USDJPY AUDUSD USDCAD USDCHF,2012-02-14..2021-10-13,2021-10-13..2023-11-20,2023-11-20..2026-09,kiểm định,1,,3282,,,1.1277358859844693,0.6856503020308994,-0.028602341314794666,0.060703772789289824,0.5072191426276489,mục tiêu R
ML_R_kiem_dinh_GRU 3 lớp,1,GRU 3 lớp,12 đặc trưng đọc được + σ̂,EURUSD GBPUSD USDJPY AUDUSD USDCAD USDCHF,2012-02-14..2021-10-13,2021-10-13..2023-11-20,2023-11-20..2026-09,kiểm định,1,,3282,,,1.2449721838846675,0.7474324059360227,-0.12128693073294361,0.12936985173771517,0.5039913528950943,mục tiêu R
ML_R_kiem_tra_khí hậu học,1,khí hậu học,12 đặc trưng đọc được + σ̂,EURUSD GBPUSD USDJPY AUDUSD USDCAD USDCHF,2012-02-14..2021-10-13,2021-10-13..2023-11-20,2023-11-20..2026-09,kiểm tra,1,,4314,,,1.0983135828253936,0.6664686026506371,0.0,0.009100629843741251,0.5,mục tiêu R
ML_R_kiem_tra_chỉ σ̂,1,chỉ σ̂,12 đặc trưng đọc được + σ̂,EURUSD GBPUSD USDJPY AUDUSD USDCAD USDCHF,2012-02-14..2021-10-13,2021-10-13..2023-11-20,2023-11-20..2026-09,kiểm tra,1,,4314,,,1.0989506766786101,0.666890007313514,-0.0006322948466002121,0.011709850340724323,0.5,mục tiêu R
ML_R_kiem_tra_σ̂ + chế độ,1,σ̂ + chế độ,12 đặc trưng đọc được + σ̂,EURUSD GBPUSD USDJPY AUDUSD USDCAD USDCHF,2012-02-14..2021-10-13,2021-10-13..2023-11-20,2023-11-20..2026-09,kiểm tra,1,,4314,,,1.0977600468566702,0.6661142944387263,0.0005316202601318709,0.008183729709022444,0.4980150679207117,mục tiêu R
ML_R_kiem_tra_logistic đa thức,1,logistic đa thức,12 đặc trưng đọc được + σ̂,EURUSD GBPUSD USDJPY AUDUSD USDCAD USDCHF,2012-02-14..2021-10-13,2021-10-13..2023-11-20,2023-11-20..2026-09,kiểm tra,1,,4314,,,1.0977308653841236,0.6662373308025058,0.00034701086774613366,0.01508538422306427,0.5314772981910016,mục tiêu R
ML_R_kiem_tra_LightGBM 3 lớp,1,LightGBM 3 lớp,12 đặc trưng đọc được + σ̂,EURUSD GBPUSD USDJPY AUDUSD USDCAD USDCHF,2012-02-14..2021-10-13,2021-10-13..2023-11-20,2023-11-20..2026-09,kiểm tra,1,,4314,,,1.1171066655093527,0.6784554443837819,-0.017985606051765135,0.050253259742886504,0.5129815466421187,mục tiêu R
ML_R_kiem_tra_GRU 3 lớp,1,GRU 3 lớp,12 đặc trưng đọc được + σ̂,EURUSD GBPUSD USDJPY AUDUSD USDCAD USDCHF,2012-02-14..2021-10-13,2021-10-13..2023-11-20,2023-11-20..2026-09,kiểm tra,1,,4314,,,1.1872546822906862,0.7178684658420048,-0.07712270763685392,0.10732464528154013,0.5244490337271906,mục tiêu R
ML_R_kiem_tra_học trực tuyến (Hedge),1,học trực tuyến (Hedge),12 đặc trưng đọc được + σ̂,EURUSD GBPUSD USDJPY AUDUSD USDCAD USDCHF,2012-02-14..2021-10-13,2021-10-13..2023-11-20,2023-11-20..2026-09,kiểm tra,1,,4314,,,1.096629428983614,0.6654291866456368,0.0015595873547027406,0.01141881376313445,0.5278011615864922,mục tiêu R
ML_P_kiem_dinh_khí hậu học,1,khí hậu học,12 đặc trưng đọc được + σ̂,EURUSD GBPUSD USDJPY AUDUSD USDCAD USDCHF,2012-02-14..2021-10-13,2021-10-13..2023-11-20,2023-11-20..2026-09,kiểm định,1,,3282,,,1.0984550589894542,0.6665603595165746,0.0,0.015526488108565164,0.5,mục tiêu P
ML_P_kiem_dinh_chỉ σ̂,1,chỉ σ̂,12 đặc trưng đọc được + σ̂,EURUSD GBPUSD USDJPY AUDUSD USDCAD USDCHF,2012-02-14..2021-10-13,2021-10-13..2023-11-20,2023-11-20..2026-09,kiểm định,1,,3282,,,1.0866833299443497,0.6592111880322231,0.011025515363201954,0.01603789613641494,0.5,mục tiêu P
ML_P_kiem_dinh_σ̂ + chế độ,1,σ̂ + chế độ,12 đặc trưng đọc được + σ̂,EURUSD GBPUSD USDJPY AUDUSD USDCAD USDCHF,2012-02-14..2021-10-13,2021-10-13..2023-11-20,2023-11-20..2026-09,kiểm định,1,,3282,,,1.0874000357423133,0.659655437902169,0.010359034280726487,0.013472817187907504,0.4829602633435222,mục tiêu P
ML_P_kiem_dinh_logistic đa thức,1,logistic đa thức,12 đặc trưng đọc được + σ̂,EURUSD GBPUSD USDJPY AUDUSD USDCAD USDCHF,2012-02-14..2021-10-13,2021-10-13..2023-11-20,2023-11-20..2026-09,kiểm định,1,,3282,,,1.0905277939482703,0.6614147862488358,0.0077195908731665375,0.02066682023909736,0.5182835645426758,mục tiêu P
ML_P_kiem_dinh_LightGBM 3 lớp,1,LightGBM 3 lớp,12 đặc trưng đọc được + σ̂,EURUSD GBPUSD USDJPY AUDUSD USDCAD USDCHF,2012-02-14..2021-10-13,2021-10-13..2023-11-20,2023-11-20..2026-09,kiểm định,1,,3282,,,1.1133162532327419,0.6765189439547757,-0.014940259041842374,0.054276925344695366,0.5206865741829297,mục tiêu P
ML_P_kiem_dinh_GRU 3 lớp,1,GRU 3 lớp,12 đặc trưng đọc được + σ̂,EURUSD GBPUSD USDJPY AUDUSD USDCAD USDCHF,2012-02-14..2021-10-13,2021-10-13..2023-11-20,2023-11-20..2026-09,kiểm định,1,,3282,,,1.2190263236908838,0.7387389896708038,-0.1082852124698459,0.12464031383463486,0.49525041147425347,mục tiêu P
ML_P_kiem_tra_khí hậu học,1,khí hậu học,12 đặc trưng đọc được + σ̂,EURUSD GBPUSD USDJPY AUDUSD USDCAD USDCHF,2012-02-14..2021-10-13,2021-10-13..2023-11-20,2023-11-20..2026-09,kiểm tra,1,,4314,,,1.098346459794561,0.6664904334255,0.0,0.009646997195153792,0.5,mục tiêu P
ML_P_kiem_tra_chỉ σ̂,1,chỉ σ̂,12 đặc trưng đọc được + σ̂,EURUSD GBPUSD USDJPY AUDUSD USDCAD USDCHF,2012-02-14..2021-10-13,2021-10-13..2023-11-20,2023-11-20..2026-09,kiểm tra,1,,4314,,,1.0832971684602437,0.6564766901187722,0.015024586707510612,0.011660550002178223,0.5,mục tiêu P
ML_P_kiem_tra_σ̂ + chế độ,1,σ̂ + chế độ,12 đặc trưng đọc được + σ̂,EURUSD GBPUSD USDJPY AUDUSD USDCAD USDCHF,2012-02-14..2021-10-13,2021-10-13..2023-11-20,2023-11-20..2026-09,kiểm tra,1,,4314,,,1.0822560897452909,0.6558151552612451,0.016017151378134753,0.012011223903096398,0.49586517085970433,mục tiêu P
ML_P_kiem_tra_logistic đa thức,1,logistic đa thức,12 đặc trưng đọc được + σ̂,EURUSD GBPUSD USDJPY AUDUSD USDCAD USDCHF,2012-02-14..2021-10-13,2021-10-13..2023-11-20,2023-11-20..2026-09,kiểm tra,1,,4314,,,1.0831978017219892,0.6565754888029606,0.01487634949474137,0.012530621198642296,0.5304789902695611,mục tiêu P
ML_P_kiem_tra_LightGBM 3 lớp,1,LightGBM 3 lớp,12 đặc trưng đọc được + σ̂,EURUSD GBPUSD USDJPY AUDUSD USDCAD USDCHF,2012-02-14..2021-10-13,2021-10-13..2023-11-20,2023-11-20..2026-09,kiểm tra,1,,4314,,,1.1033034367217114,0.6692324588084622,-0.004114125642988187,0.0424414454319656,0.5086644638540313,mục tiêu P
ML_P_kiem_tra_GRU 3 lớp,1,GRU 3 lớp,12 đặc trưng đọc được + σ̂,EURUSD GBPUSD USDJPY AUDUSD USDCAD USDCHF,2012-02-14..2021-10-13,2021-10-13..2023-11-20,2023-11-20..2026-09,kiểm tra,1,,4314,,,1.1766681298598252,0.7119469144871644,-0.06820275098028938,0.10830284327102446,0.5146381758767721,mục tiêu P
ML_P_kiem_tra_học trực tuyến (Hedge),1,học trực tuyến (Hedge),12 đặc trưng đọc được + σ̂,EURUSD GBPUSD USDJPY AUDUSD USDCAD USDCHF,2012-02-14..2021-10-13,2021-10-13..2023-11-20,2023-11-20..2026-09,kiểm tra,1,,4314,,,1.0816976664556606,0.6555451172589448,0.016422315486661176,0.010962167337130669,0.5234453771304316,mục tiêu P
G2_H1,1,ngưỡng đặc trưng,630 vị từ 1-2 mệnh đề,EURUSD GBPUSD USDJPY AUDUSD USDCAD USDCHF,2012-02-14..2021-10-13,2021-10-13..2023-11-20,2023-11-20..2026-09,huấn luyện+kiểm định (phát hiện),1,,1890,,,,,,,,"phễu: 1890 giả thuyết → 522 thô p<0,05 → 3 sống sót W-Y → 0 sau đối chứng → 0 tái lập kiểm tra"
G2_H2,1,motif (KMeans VQ),24 cụm hình dạng,EURUSD GBPUSD USDJPY AUDUSD USDCAD USDCHF,2012-02-14..2021-10-13,2021-10-13..2023-11-20,2023-11-20..2026-09,huấn luyện+kiểm định (phát hiện),1,,72,,,,,,,,"phễu: 72 giả thuyết → 2 thô p<0,05 → 0 sống sót W-Y → 0 sau đối chứng → 0 tái lập kiểm tra; SPA p=0.990"
G2_H3,1,rule-list (CART),8 lá CART sâu 3,EURUSD GBPUSD USDJPY AUDUSD USDCAD USDCHF,2012-02-14..2021-10-13,2021-10-13..2023-11-20,2023-11-20..2026-09,huấn luyện+kiểm định (phát hiện),1,,24,,,,,,,,"phễu: 24 giả thuyết → 17 thô p<0,05 → 0 sống sót W-Y → 0 sau đối chứng → 0 tái lập kiểm tra; SPA p=0.590"
G2_H5,1,chế độ tự tương quan,630 vị từ × 3 chế độ,EURUSD GBPUSD USDJPY AUDUSD USDCAD USDCHF,2012-02-14..2021-10-13,2021-10-13..2023-11-20,2023-11-20..2026-09,huấn luyện+kiểm định (phát hiện),1,,5670,,,,,,,,"phễu: 5670 giả thuyết → 938 thô p<0,05 → 0 sống sót W-Y → 0 sau đối chứng → 0 tái lập kiểm tra; SPA p=0.872"
G2_H6,1,HMM,"trạng thái ẩn K=2,3,4",EURUSD GBPUSD USDJPY AUDUSD USDCAD USDCHF,2012-02-14..2021-10-13,2021-10-13..2023-11-20,2023-11-20..2026-09,huấn luyện+kiểm định (phát hiện),1,,18,,,,,,,,"phễu: 18 giả thuyết → 8 thô p<0,05 → 6 sống sót W-Y → 0 sau đối chứng → 0 tái lập kiểm tra; SPA p=1.000"
G2_H7,1,Matrix Profile,"analog K=20, L=5/10/20",EURUSD GBPUSD USDJPY AUDUSD USDCAD USDCHF,2012-02-14..2021-10-13,2021-10-13..2023-11-20,2023-11-20..2026-09,huấn luyện+kiểm định (phát hiện),1,,108,,,,,,,,"phễu: 108 giả thuyết → 1 thô p<0,05 → 0 sống sót W-Y → 0 sau đối chứng → 0 tái lập kiểm tra; SPA p=0.972"
WF_h1_2012,1,tổ hợp trực tuyến,σ̂ (HAR vòng 7),EURUSD GBPUSD USDJPY AUDUSD USDCAD USDCHF,2012-02-14..2021-10-13,2021-10-13..2023-11-20,2023-11-20..2026-09,huấn luyện,1,,1374,,,1.0911955412768897,0.6616053656868582,0.007281967676852186,0.007706858600081649,0.5093927075634392,walk-forward năm 2012
WF_h1_2013,1,tổ hợp trực tuyến,σ̂ (HAR vòng 7),EURUSD GBPUSD USDJPY AUDUSD USDCAD USDCHF,2012-02-14..2021-10-13,2021-10-13..2023-11-20,2023-11-20..2026-09,huấn luyện,1,,1554,,,1.0853474995460979,0.6582607962883624,0.01231249456759731,0.015632680781485806,0.5140681280230524,walk-forward năm 2013
WF_h1_2014,1,tổ hợp trực tuyến,σ̂ (HAR vòng 7),EURUSD GBPUSD USDJPY AUDUSD USDCAD USDCHF,2012-02-14..2021-10-13,2021-10-13..2023-11-20,2023-11-20..2026-09,huấn luyện,1,,1548,,,1.049465465293206,0.6333031464741017,0.0491147710379487,0.031115821860307324,0.5207593517208234,walk-forward năm 2014
WF_h1_2015,1,tổ hợp trực tuyến,σ̂ (HAR vòng 7),EURUSD GBPUSD USDJPY AUDUSD USDCAD USDCHF,2012-02-14..2021-10-13,2021-10-13..2023-11-20,2023-11-20..2026-09,huấn luyện,1,,1554,,,1.0814377059179636,0.6560557637897944,0.01463047028682063,0.014687863084250264,0.46830927835051545,walk-forward năm 2015
WF_h1_2016,1,tổ hợp trực tuyến,σ̂ (HAR vòng 7),EURUSD GBPUSD USDJPY AUDUSD USDCAD USDCHF,2012-02-14..2021-10-13,2021-10-13..2023-11-20,2023-11-20..2026-09,huấn luyện,1,,1554,,,1.0885632810283092,0.6606347615484401,0.009270239214673515,0.021065998823254186,0.46741760901130813,walk-forward năm 2016
WF_h1_2017,1,tổ hợp trực tuyến,σ̂ (HAR vòng 7),EURUSD GBPUSD USDJPY AUDUSD USDCAD USDCHF,2012-02-14..2021-10-13,2021-10-13..2023-11-20,2023-11-20..2026-09,huấn luyện,1,,1554,,,1.0901148983968365,0.6610031998671676,0.00893474212646006,0.012689041911432246,0.4672003712727695,walk-forward năm 2017
WF_h1_2018,1,tổ hợp trực tuyến,σ̂ (HAR vòng 7),EURUSD GBPUSD USDJPY AUDUSD USDCAD USDCHF,2012-02-14..2021-10-13,2021-10-13..2023-11-20,2023-11-20..2026-09,huấn luyện,1,,1560,,,1.0969618003714712,0.665675930228762,0.000956422804721524,0.01206712539234737,0.5104334549155993,walk-forward năm 2018
WF_h1_2019,1,tổ hợp trực tuyến,σ̂ (HAR vòng 7),EURUSD GBPUSD USDJPY AUDUSD USDCAD USDCHF,2012-02-14..2021-10-13,2021-10-13..2023-11-20,2023-11-20..2026-09,huấn luyện,1,,1560,,,1.0818546502493431,0.6553208970643912,0.01703294871158345,0.011179350463800754,0.46548353135809895,walk-forward năm 2019
WF_h1_2020,1,tổ hợp trực tuyến,σ̂ (HAR vòng 7),EURUSD GBPUSD USDJPY AUDUSD USDCAD USDCHF,2012-02-14..2021-10-13,2021-10-13..2023-11-20,2023-11-20..2026-09,huấn luyện,1,,1554,,,1.0705198691130418,0.6502979258554846,0.025859695318852904,0.006406059220772932,0.4993258600100158,walk-forward năm 2020
WF_h1_2021,1,tổ hợp trực tuyến,σ̂ (HAR vòng 7),EURUSD GBPUSD USDJPY AUDUSD USDCAD USDCHF,2012-02-14..2021-10-13,2021-10-13..2023-11-20,2023-11-20..2026-09,huấn luyện,1,,1554,,,1.0943661483016929,0.6639099528687813,0.0038815589837655207,0.009715035577670849,0.4657565888249833,walk-forward năm 2021
WF_h1_2022,1,tổ hợp trực tuyến,σ̂ (HAR vòng 7),EURUSD GBPUSD USDJPY AUDUSD USDCAD USDCHF,2012-02-14..2021-10-13,2021-10-13..2023-11-20,2023-11-20..2026-09,kiểm định,1,,1560,,,1.0788470455857528,0.6545675396526198,0.0171080188510766,0.009492346296244085,0.4705425376235298,walk-forward năm 2022
WF_h1_2023,1,tổ hợp trực tuyến,σ̂ (HAR vòng 7),EURUSD GBPUSD USDJPY AUDUSD USDCAD USDCHF,2012-02-14..2021-10-13,2021-10-13..2023-11-20,2023-11-20..2026-09,kiểm định,1,,1552,,,1.0935558899083828,0.6632511605402822,0.005195241363877168,0.017203594558939973,0.45267230955259974,walk-forward năm 2023
WF_h1_2024,1,tổ hợp trực tuyến,σ̂ (HAR vòng 7),EURUSD GBPUSD USDJPY AUDUSD USDCAD USDCHF,2012-02-14..2021-10-13,2021-10-13..2023-11-20,2023-11-20..2026-09,kiểm tra,1,,1562,,,1.0820203594912965,0.6554968227572439,0.015775099346606147,0.01440246939221448,0.48050169922495783,walk-forward năm 2024
WF_h1_2025,1,tổ hợp trực tuyến,σ̂ (HAR vòng 7),EURUSD GBPUSD USDJPY AUDUSD USDCAD USDCHF,2012-02-14..2021-10-13,2021-10-13..2023-11-20,2023-11-20..2026-09,kiểm tra,1,,1556,,,1.0785794607134955,0.6540569890597064,0.019003771749577347,0.010864667644493061,0.47438708391469003,walk-forward năm 2025
WF_h5_2012,1,σ̂ + chế độ (cuộn),σ̂ (HAR vòng 7),EURUSD GBPUSD USDJPY AUDUSD USDCAD USDCHF,2012-02-14..2021-10-13,2021-10-13..2023-11-20,2023-11-20..2026-09,huấn luyện,5,,1374,,,1.093501427384956,0.6631537370422721,0.004060017572799501,0.021229107937316336,0.5011211415259172,walk-forward năm 2012
WF_h5_2013,1,σ̂ + chế độ (cuộn),σ̂ (HAR vòng 7),EURUSD GBPUSD USDJPY AUDUSD USDCAD USDCHF,2012-02-14..2021-10-13,2021-10-13..2023-11-20,2023-11-20..2026-09,huấn luyện,5,,1554,,,1.080381072886604,0.6552769715209279,0.01428588126898478,0.02814042787764409,0.5120061274022202,walk-forward năm 2013
WF_h5_2014,1,σ̂ + chế độ (cuộn),σ̂ (HAR vòng 7),EURUSD GBPUSD USDJPY AUDUSD USDCAD USDCHF,2012-02-14..2021-10-13,2021-10-13..2023-11-20,2023-11-20..2026-09,huấn luyện,5,,1548,,,1.0663605325695231,0.6446667661545445,0.02762981650467433,0.02000788637066023,0.45844190732034923,walk-forward năm 2014
WF_h5_2015,1,σ̂ + chế độ (cuộn),σ̂ (HAR vòng 7),EURUSD GBPUSD USDJPY AUDUSD USDCAD USDCHF,2012-02-14..2021-10-13,2021-10-13..2023-11-20,2023-11-20..2026-09,huấn luyện,5,,1554,,,1.0949662688492763,0.6635115238457131,0.0016038912010116757,0.02142704606728567,0.4387467924840659,walk-forward năm 2015
WF_h5_2016,1,σ̂ + chế độ (cuộn),σ̂ (HAR vòng 7),EURUSD GBPUSD USDJPY AUDUSD USDCAD USDCHF,2012-02-14..2021-10-13,2021-10-13..2023-11-20,2023-11-20..2026-09,huấn luyện,5,,1554,,,1.107021575565369,0.6723592724999247,-0.008287104066713846,0.04046172636274657,0.4443407398486582,walk-forward năm 2016
WF_h5_2017,1,σ̂ + chế độ (cuộn),σ̂ (HAR vòng 7),EURUSD GBPUSD USDJPY AUDUSD USDCAD USDCHF,2012-02-14..2021-10-13,2021-10-13..2023-11-20,2023-11-20..2026-09,huấn luyện,5,,1554,,,1.1268951542801728,0.6848205804687432,-0.023797722015263867,0.06046766426163699,0.41730603182434933,walk-forward năm 2017
WF_h5_2018,1,σ̂ + chế độ (cuộn),σ̂ (HAR vòng 7),EURUSD GBPUSD USDJPY AUDUSD USDCAD USDCHF,2012-02-14..2021-10-13,2021-10-13..2023-11-20,2023-11-20..2026-09,huấn luyện,5,,1560,,,1.1067787857584483,0.6718232291737735,-0.008452835889078525,0.03406881955761383,0.42817060806828094,walk-forward năm 2018
WF_h5_2019,1,σ̂ + chế độ (cuộn),σ̂ (HAR vòng 7),EURUSD GBPUSD USDJPY AUDUSD USDCAD USDCHF,2012-02-14..2021-10-13,2021-10-13..2023-11-20,2023-11-20..2026-09,huấn luyện,5,,1560,,,1.1074774005698105,0.6721715463898797,-0.008034792928608203,0.036209589195379824,0.43105022831050227,walk-forward năm 2019
WF_h5_2020,1,σ̂ + chế độ (cuộn),σ̂ (HAR vòng 7),EURUSD GBPUSD USDJPY AUDUSD USDCAD USDCHF,2012-02-14..2021-10-13,2021-10-13..2023-11-20,2023-11-20..2026-09,huấn luyện,5,,1554,,,1.0822931762849775,0.6595917034381918,0.015330758300328595,0.028962087607786437,0.4870666640299009,walk-forward năm 2020
WF_h5_2021,1,σ̂ + chế độ (cuộn),σ̂ (HAR vòng 7),EURUSD GBPUSD USDJPY AUDUSD USDCAD USDCHF,2012-02-14..2021-10-13,2021-10-13..2023-11-20,2023-11-20..2026-09,huấn luyện,5,,1554,,,1.0946981695002374,0.6640473667813841,0.0008354796233569495,0.045178660234776784,0.43291370337066404,walk-forward năm 2021
WF_h5_2022,1,σ̂ + chế độ (cuộn),σ̂ (HAR vòng 7),EURUSD GBPUSD USDJPY AUDUSD USDCAD USDCHF,2012-02-14..2021-10-13,2021-10-13..2023-11-20,2023-11-20..2026-09,kiểm định,5,,1560,,,1.0749888378435695,0.6517358275169998,0.020406547553469156,0.021889784527485207,0.46107721987590594,walk-forward năm 2022
WF_h5_2023,1,σ̂ + chế độ (cuộn),σ̂ (HAR vòng 7),EURUSD GBPUSD USDJPY AUDUSD USDCAD USDCHF,2012-02-14..2021-10-13,2021-10-13..2023-11-20,2023-11-20..2026-09,kiểm định,5,,1552,,,1.0883726785639467,0.6597427188741486,0.008970334925773926,0.010492805479723488,0.47004249113720364,walk-forward năm 2023
WF_h5_2024,1,σ̂ + chế độ (cuộn),σ̂ (HAR vòng 7),EURUSD GBPUSD USDJPY AUDUSD USDCAD USDCHF,2012-02-14..2021-10-13,2021-10-13..2023-11-20,2023-11-20..2026-09,kiểm tra,5,,1562,,,1.0833454306866275,0.6568171001898877,0.00944258483524607,0.027083160298120003,0.4381095185246405,walk-forward năm 2024
WF_h5_2025,1,σ̂ + chế độ (cuộn),σ̂ (HAR vòng 7),EURUSD GBPUSD USDJPY AUDUSD USDCAD USDCHF,2012-02-14..2021-10-13,2021-10-13..2023-11-20,2023-11-20..2026-09,kiểm tra,5,,1532,,,1.1018753677264677,0.6688303337207803,0.00024903638606244005,0.030884933785351603,0.5216394021122678,walk-forward năm 2025
WF_h20_2012,1,σ̂ + chế độ (cuộn),σ̂ (HAR vòng 7),EURUSD GBPUSD USDJPY AUDUSD USDCAD USDCHF,2012-02-14..2021-10-13,2021-10-13..2023-11-20,2023-11-20..2026-09,huấn luyện,20,,1374,,,1.077290001376817,0.651367085829438,0.023667518011042055,0.036766128590559874,0.5737716005545974,walk-forward năm 2012
WF_h20_2013,1,σ̂ + chế độ (cuộn),σ̂ (HAR vòng 7),EURUSD GBPUSD USDJPY AUDUSD USDCAD USDCHF,2012-02-14..2021-10-13,2021-10-13..2023-11-20,2023-11-20..2026-09,huấn luyện,20,,1554,,,1.0646155164033182,0.6464857757603951,0.01438328652180132,0.059952594648670116,0.5500372485721381,walk-forward năm 2013
WF_h20_2014,1,σ̂ + chế độ (cuộn),σ̂ (HAR vòng 7),EURUSD GBPUSD USDJPY AUDUSD USDCAD USDCHF,2012-02-14..2021-10-13,2021-10-13..2023-11-20,2023-11-20..2026-09,huấn luyện,20,,1548,,,1.0634072772253456,0.6432269453437751,0.021764314299904886,0.056484353744626584,0.3919287434480805,walk-forward năm 2014
WF_h20_2015,1,σ̂ + chế độ (cuộn),σ̂ (HAR vòng 7),EURUSD GBPUSD USDJPY AUDUSD USDCAD USDCHF,2012-02-14..2021-10-13,2021-10-13..2023-11-20,2023-11-20..2026-09,huấn luyện,20,,1554,,,1.0932069392675365,0.6626782449347229,-0.005642725884394073,0.050300776108014734,0.38427897561255087,walk-forward năm 2015
WF_h20_2016,1,σ̂ + chế độ (cuộn),σ̂ (HAR vòng 7),EURUSD GBPUSD USDJPY AUDUSD USDCAD USDCHF,2012-02-14..2021-10-13,2021-10-13..2023-11-20,2023-11-20..2026-09,huấn luyện,20,,1554,,,1.1222578946330795,0.6839292321607107,-0.016432622641642025,0.06291278349578769,0.3639729817708333,walk-forward năm 2016
WF_h20_2017,1,σ̂ + chế độ (cuộn),σ̂ (HAR vòng 7),EURUSD GBPUSD USDJPY AUDUSD USDCAD USDCHF,2012-02-14..2021-10-13,2021-10-13..2023-11-20,2023-11-20..2026-09,huấn luyện,20,,1554,,,1.1528496085249007,0.6996182815280331,-0.03765343150224609,0.08817124573106562,0.32477258737432463,walk-forward năm 2017
WF_h20_2018,1,σ̂ + chế độ (cuộn),σ̂ (HAR vòng 7),EURUSD GBPUSD USDJPY AUDUSD USDCAD USDCHF,2012-02-14..2021-10-13,2021-10-13..2023-11-20,2023-11-20..2026-09,huấn luyện,20,,1560,,,1.1101345607013327,0.6733433987509606,-0.01992085497343732,0.05923873684933482,0.33985395849346656,walk-forward năm 2018
WF_h20_2019,1,σ̂ + chế độ (cuộn),σ̂ (HAR vòng 7),EURUSD GBPUSD USDJPY AUDUSD USDCAD USDCHF,2012-02-14..2021-10-13,2021-10-13..2023-11-20,2023-11-20..2026-09,huấn luyện,20,,1560,,,1.0904208785845715,0.6601650147298065,0.007907022258804464,0.08858474247452279,0.42770241924206404,walk-forward năm 2019
WF_h20_2020,1,σ̂ + chế độ (cuộn),σ̂ (HAR vòng 7),EURUSD GBPUSD USDJPY AUDUSD USDCAD USDCHF,2012-02-14..2021-10-13,2021-10-13..2023-11-20,2023-11-20..2026-09,huấn luyện,20,,1554,,,1.0950564711217898,0.6665687339157167,0.018521077141819053,0.06111237266736769,0.6816982437927156,walk-forward năm 2020
WF_h20_2021,1,σ̂ + chế độ (cuộn),σ̂ (HAR vòng 7),EURUSD GBPUSD USDJPY AUDUSD USDCAD USDCHF,2012-02-14..2021-10-13,2021-10-13..2023-11-20,2023-11-20..2026-09,huấn luyện,20,,1554,,,1.0977522599425091,0.666869690306044,-0.012397619143146299,0.03197935926136262,0.4743429112373316,walk-forward năm 2021
WF_h20_2022,1,σ̂ + chế độ (cuộn),σ̂ (HAR vòng 7),EURUSD GBPUSD USDJPY AUDUSD USDCAD USDCHF,2012-02-14..2021-10-13,2021-10-13..2023-11-20,2023-11-20..2026-09,kiểm định,20,,1560,,,1.0550642267965926,0.6409126026598845,0.032990443393514646,0.055195566992070955,0.4271947720223582,walk-forward năm 2022
WF_h20_2023,1,σ̂ + chế độ (cuộn),σ̂ (HAR vòng 7),EURUSD GBPUSD USDJPY AUDUSD USDCAD USDCHF,2012-02-14..2021-10-13,2021-10-13..2023-11-20,2023-11-20..2026-09,kiểm định,20,,1552,,,1.0990840882015958,0.6656616511916742,-0.003537310786265957,0.04602808356774195,0.36626567699001794,walk-forward năm 2023
WF_h20_2024,1,σ̂ + chế độ (cuộn),σ̂ (HAR vòng 7),EURUSD GBPUSD USDJPY AUDUSD USDCAD USDCHF,2012-02-14..2021-10-13,2021-10-13..2023-11-20,2023-11-20..2026-09,kiểm tra,20,,1562,,,1.0607398490390334,0.6417209339742704,0.02431248835499178,0.051631202663991856,0.4085812952362931,walk-forward năm 2024
WF_h20_2025,1,σ̂ + chế độ (cuộn),σ̂ (HAR vòng 7),EURUSD GBPUSD USDJPY AUDUSD USDCAD USDCHF,2012-02-14..2021-10-13,2021-10-13..2023-11-20,2023-11-20..2026-09,kiểm tra,20,,1442,,,1.1070173608924403,0.671912125226114,0.0047845469729254075,0.07137420591603974,0.4876192223037418,walk-forward năm 2025
ROBUST_luc_pheu,1,phễu Giai đoạn 2,đối chứng âm + dương,EURUSD GBPUSD USDJPY AUDUSD USDCAD USDCHF,2012-02-14..2021-10-13,2021-10-13..2023-11-20,2023-11-20..2026-09,huấn luyện+kiểm định,1,,,,,,,,,,MDES lực 80% = lift 1.2; dương tính giả trên nhiễu thuần: 0.0
